"Products","January 2017","February 2017","March 2017","April 2017","May 2017","June 2017","July 2017","August 2017","September 2017","October 2017","November 2017","December 2017","January 2018","February 2018","March 2018","April 2018","May 2018","June 2018","July 2018","August 2018","September 2018","October 2018","November 2018","December 2018","January 2019","February 2019","March 2019","April 2019","May 2019","June 2019","July 2019","August 2019","September 2019","October 2019","November 2019","December 2019","January 2020","February 2020","March 2020","April 2020","May 2020","June 2020","July 2020","August 2020","September 2020","October 2020","November 2020","December 2020","January 2021","February 2021","March 2021","April 2021","May 2021","June 2021","July 2021","August 2021","September 2021","October 2021","November 2021","December 2021","January 2022","February 2022","March 2022","April 2022","May 2022","June 2022","July 2022","August 2022","September 2022","October 2022","November 2022","December 2022","January 2023","February 2023","March 2023","April 2023","May 2023","June 2023","July 2023","August 2023","September 2023","October 2023","November 2023","December 2023","January 2024","February 2024","March 2024","April 2024","May 2024","June 2024","July 2024","August 2024","September 2024","October 2024"
,"Dollars",,,,,,,,,,,,,,,,,,,,,,,,,,,,,,,,,,,,,,,,,,,,,,,,,,,,,,,,,,,,,,,,,,,,,,,,,,,,,,,,,,,,,,,,,,,,,
"Beef stewing cuts, per kilogram 4","13.12","13.47","13.55","12.26","12.61","12.25","12.74","13.08","14.35","13.33","12.45","13.47","13.34","11.00","12.71","11.70","13.25","15.02","11.98","13.57","11.40","11.32","10.66","13.71","11.78","10.93","11.38","11.83","13.27","13.88","14.35","14.71","13.97","11.31","13.99","14.67","12.76","13.05","14.97","14.37","16.53","17.30","16.38","15.51","13.58","13.08","14.74","13.26","14.45","14.85","14.27","14.99","15.24","15.29","16.04","16.07","14.84","15.60","15.94","16.86","14.56","16.81","15.43","17.64","17.63","17.78","17.27","17.70","14.16","19.27","17.87","14.34","15.88","15.92","15.33","16.93","18.02","18.42","17.56","19.00","16.66","16.55","19.40","18.85","21.24","17.69","16.79","19.61","19.95","19.17","18.42","20.55","19.17","22.76"
"Beef striploin cuts, per kilogram 4","16.23","18.14","22.76","21.33","19.20","17.16","21.45","19.09","20.29","25.59","13.80","13.85","15.62","18.05","24.61","16.32","16.48","18.64","25.38","15.63","17.77","16.45","18.01","16.18","17.83","16.16","17.51","16.07","21.27","18.44","16.70","16.83","17.86","16.41","19.67","14.45","17.25","15.80","16.80","17.46","25.93","23.19","23.34","21.92","18.85","23.98","20.79","16.60","19.72","18.69","20.38","20.66","19.71","22.52","23.60","24.57","26.72","26.79","26.74","24.85","25.40","29.52","31.08","27.21","23.73","24.41","23.98","26.84","23.59","24.66","19.83","18.14","29.29","23.14","21.33","24.81","25.09","26.13","37.19","40.00","26.91","21.46","25.23","20.33","31.99","22.89","24.52","24.43","27.90","27.81","29.67","27.53","25.71","30.04"
"Beef top sirloin cuts, per kilogram 4","13.79","10.11","12.45","16.22","14.99","15.19","15.24","12.80","17.52","14.69","13.76","14.22","17.88","14.23","12.10","17.01","13.71","13.44","14.27","14.16","13.01","14.20","11.73","11.05","13.96","12.92","19.70","19.25","19.86","15.36","15.10","12.08","12.65","12.08","11.31","17.33","15.53","13.77","14.93","13.26","21.40","20.05","16.94","15.36","13.55","14.86","14.09","14.84","14.19","13.90","17.90","15.14","16.67","18.28","16.50","16.67","16.75","21.15","16.78","17.84","17.04","21.04","15.64","17.20","16.73","20.58","15.26","17.58","21.30","15.73","15.54","16.53","15.89","16.36","17.90","21.03","20.20","21.52","20.04","27.35","20.78","23.10","22.32","20.60","17.29","21.55","25.01","26.20","27.03","20.28","25.99","23.09","26.53","24.31"
"Beef rib cuts, per kilogram 4","16.76","22.28","23.48","22.38","24.45","16.42","24.74","21.12","20.42","13.50","22.40","13.57","22.33","21.96","13.87","24.22","23.17","17.55","21.32","17.08","22.98","14.95","22.79","15.64","18.76","20.32","24.52","15.53","20.82","18.86","18.80","24.99","26.65","13.59","19.31","13.25","18.16","20.52","25.02","16.70","23.81","24.70","19.39","21.74","26.35","16.20","25.62","16.47","25.04","18.11","19.63","18.22","27.10","24.75","26.58","30.18","31.50","21.34","28.80","23.63","26.54","29.84","28.35","23.88","22.54","23.39","24.43","26.30","31.27","20.88","28.05","21.55","28.75","31.86","24.31","24.34","24.53","24.28","31.97","26.51","29.96","23.93","25.31","29.38","33.16","34.33","26.86","34.05","25.95","24.97","30.06","31.10","33.46","26.80"
"Ground beef, per kilogram 4","7.88","7.48","7.58","8.96","8.88","8.47","9.23","8.94","7.94","7.60","7.51","7.42","7.78","8.57","7.50","7.65","8.48","7.38","9.02","8.55","7.93","9.29","6.64","7.55","7.94","8.02","7.75","7.91","7.31","8.58","8.54","8.82","8.55","8.43","8.79","9.13","8.73","8.68","9.21","10.05","12.26","11.40","9.91","8.82","8.14","8.69","8.37","9.08","8.90","8.77","8.96","8.86","9.11","8.77","8.82","9.65","10.10","9.54","10.39","10.00","11.11","9.71","9.97","10.38","11.02","9.80","10.69","10.36","10.96","10.14","10.13","10.83","10.08","9.89","10.25","10.37","11.10","11.62","11.68","12.17","11.57","11.34","11.66","12.67","11.56","9.03","11.99","11.70","13.02","11.92","12.20","12.74","12.63","13.73"
"Pork loin cuts, per kilogram 4","6.11","5.44","5.78","5.67","8.20","7.38","7.74","7.03","7.39","8.25","5.59","6.34","5.51","6.01","8.45","8.74","6.12","7.98","6.96","6.65","6.36","6.77","7.64","6.62","6.95","7.68","7.18","8.26","7.44","7.36","8.00","7.81","7.41","6.99","6.76","7.42","7.20","7.49","7.72","7.83","7.93","7.99","7.41","7.87","7.00","7.70","7.13","7.38","7.50","7.43","7.30","7.88","8.20","7.80","8.35","8.61","8.37","8.15","7.79","8.75","9.09","8.24","7.99","7.41","8.69","9.08","7.84","8.93","8.73","7.90","7.69","10.30","9.26","7.99","8.73","9.05","9.18","7.93","8.32","8.57","9.49","8.55","8.83","9.29","8.54","8.03","9.17","9.44","8.60","9.64","9.03","7.92","9.27","7.93"
"Pork rib cuts, per kilogram 4","5.80","7.80","5.66","7.56","7.56","7.88","7.80","8.03","10.05","6.93","6.32","8.22","8.49","8.04","8.16","8.09","8.76","6.49","6.86","6.85","6.62","6.97","6.09","6.99","7.62","7.02","8.11","7.75","7.55","8.47","7.54","5.89","7.44","7.67","5.95","6.46","6.56","6.84","7.55","9.03","8.25","10.44","8.92","8.69","7.38","9.17","7.05","8.65","7.66","7.78","7.55","8.49","10.12","11.74","10.25","12.39","10.21","10.86","10.42","10.40","9.94","9.52","8.58","10.06","8.93","9.50","9.83","9.16","9.16","9.84","8.63","8.59","8.83","8.53","8.17","9.06","8.55","9.07","8.38","8.62","9.19","9.67","9.01","9.75","8.81","9.57","9.20","9.47","9.35","9.03","8.90","8.56","8.77","8.84"
"Pork shoulder cuts, per kilogram 4","4.57","4.33","4.00","4.52","5.31","7.49","8.09","5.60","3.58","3.35","2.46","4.19","6.67","5.72","7.37","5.68","4.39","7.20","8.16","6.02","7.64","5.59","3.36","7.22","4.10","4.33","5.67","6.48","7.94","8.20","8.44","8.34","8.04","7.01","4.43","4.31","6.93","6.47","7.29","7.35","7.81","6.92","5.74","6.79","4.05","4.79","5.96","4.40","5.77","5.78","4.21","4.45","6.62","7.09","6.74","6.30","7.43","5.76","6.56","7.23","5.98","5.09","5.71","5.75","6.10","6.04","7.03","6.17","8.17","7.49","6.06","6.65","7.11","6.37","6.55","7.15","7.69","7.87","7.88","8.52","8.54","8.85","6.59","8.16","8.45","8.81","7.75","8.54","8.46","9.10","8.95","8.42","8.94","5.89"
"Whole chicken, per kilogram 4","5.31","4.51","4.76","4.82","4.88","5.86","5.66","5.42","5.04","6.02","5.32","6.32","5.13","4.79","5.83","4.83","4.58","5.24","4.85","4.37","5.08","4.78","5.02","7.06","5.27","6.96","4.62","6.94","4.78","4.40","5.87","4.96","5.00","5.66","4.82","4.34","4.86","5.33","5.49","5.99","4.43","4.36","5.31","5.64","5.02","5.72","4.62","7.10","5.03","4.53","4.77","6.21","5.40","5.00","5.74","7.54","5.73","6.71","5.83","7.48","6.19","5.64","5.79","5.97","5.11","5.41","4.64","6.17","5.97","5.52","5.65","6.36","5.99","6.05","6.07","5.58","6.07","6.01","7.02","5.87","6.91","6.33","6.44","7.86","5.57","5.44","5.80","6.19","6.29","6.51","6.50","5.82","6.81","7.11"
"Chicken breasts, per kilogram 4","10.93","10.37","11.33","9.71","9.07","9.60","10.14","10.72","10.66","10.02","10.47","9.56","10.92","9.85","9.59","9.07","10.66","8.11","10.31","10.70","10.75","10.57","11.76","10.27","11.85","10.54","12.05","10.78","10.54","10.20","10.76","9.12","11.64","12.22","11.20","12.50","11.35","11.65","11.69","12.45","10.83","10.02","9.90","10.25","10.12","12.35","11.17","10.44","10.55","10.48","9.36","9.37","10.78","11.04","11.61","13.24","13.98","15.72","12.79","12.87","13.21","13.06","12.89","14.80","13.17","12.63","13.35","13.22","13.32","13.27","12.67","13.52","12.63","12.95","13.60","14.13","13.23","13.49","13.64","13.80","13.47","14.22","13.46","13.72","12.88","12.78","13.03","14.89","14.56","13.28","14.82","13.95","14.70","14.60"
"Chicken thigh, per kilogram 4","9.22","8.91","8.33","8.67","7.66","7.90","7.78","9.82","8.81","8.40","6.75","7.67","7.05","7.75","6.49","6.72","6.64","7.37","6.04","7.68","6.80","6.90","7.36","9.35","7.01","8.53","9.57","9.47","7.45","7.13","6.90","7.74","8.21","7.39","9.97","9.77","8.81","6.81","7.58","7.55","6.19","6.22","7.19","5.97","7.41","6.33","7.03","7.28","6.64","6.56","6.60","7.47","6.96","8.54","8.57","8.62","8.53","8.26","8.35","8.22","9.21","10.27","10.15","8.99","9.00","8.34","8.98","8.63","9.23","12.11","9.10","9.38","9.74","9.05","10.01","9.31","8.69","9.24","9.17","9.44","8.39","9.97","10.09","12.09","7.49","7.81","10.93","9.27","9.49","9.14","9.34","10.62","8.45","12.53"
"Chicken drumsticks, per kilogram 4","6.90","6.53","5.58","7.30","5.30","5.48","5.96","7.11","6.08","6.12","5.01","5.77","5.23","5.69","5.12","5.17","4.95","5.03","4.71","5.30","5.13","5.36","5.48","6.45","5.39","5.79","6.14","6.57","5.12","5.26","5.28","5.57","5.70","5.38","7.21","6.79","5.91","5.27","5.57","5.95","5.44","5.01","5.62","4.94","5.43","4.81","5.00","5.48","4.88","4.79","4.73","5.06","5.07","6.12","6.50","6.17","6.33","5.67","5.83","5.80","6.90","7.16","6.56","6.33","5.97","5.85","6.07","6.41","6.64","7.72","6.61","7.07","6.82","6.94","6.65","6.15","6.64","6.98","6.87","6.50","6.06","6.71","7.20","8.50","5.35","6.21","7.27","6.52","6.12","7.07","6.64","7.77","6.11","8.51"
"Bacon, 500 grams 5","3.97","4.95","5.69","5.29","4.78","4.80","5.25","5.78","5.53","5.13","4.94","4.86","4.87","5.19","5.51","5.11","5.29","4.96","5.40","5.95","5.85","5.41","5.69","5.21","5.59","5.69","4.92","5.04","5.23","5.70","5.50","6.09","5.95","5.22","5.18","5.43","5.01","5.48","5.61","5.73","5.38","5.55","5.83","5.67","5.26","5.66","5.88","5.75","5.58","5.61","5.92","5.87","6.22","6.57","6.83","6.87","7.05","7.01","6.80","7.16","6.71","6.70","6.81","6.95","6.70","6.76","7.08","7.35","7.40","7.64","7.04","7.24","6.90","7.26","6.52","7.06","6.73","6.94","6.83","7.01","6.82","6.89","6.88","6.89","6.55","6.56","6.40","6.60","6.47","7.10","6.19","6.73","6.24","7.22"
"Wieners, 400 grams 5","2.89","2.98","2.92","2.68","2.75","2.90","2.79","2.95","2.96","3.09","3.00","3.09","3.13","2.89","3.32","2.96","3.04","3.18","3.16","2.89","3.42","3.25","3.11","3.37","3.02","3.04","3.36","3.21","3.03","3.30","3.25","3.50","3.43","3.44","2.99","3.57","3.20","3.03","3.38","3.54","3.69","3.47","3.82","3.82","3.77","3.55","3.48","3.73","2.79","3.82","3.53","3.57","3.67","3.82","3.73","4.15","3.64","3.50","3.50","4.18","3.65","3.90","4.06","4.38","4.23","4.22","4.31","4.30","4.46","4.01","3.90","3.99","3.59","4.15","4.13","3.78","4.26","4.36","4.32","4.27","3.84","4.16","4.06","4.69","4.00","3.86","4.44","4.14","4.36","4.27","4.37","4.16","4.54","4.36"
"Salmon, per kilogram 4","19.60","19.31","19.80","19.41","20.33","20.44","19.96","20.14","19.31","19.20","19.26","19.20","19.37","19.31","19.67","19.64","19.94","19.91","20.74","21.01","20.47","20.70","20.79","20.10","20.92","20.54","21.02","20.14","20.47","20.41","21.12","21.79","20.84","20.56","20.47","19.80","20.41","21.03","22.51","20.92","21.95","21.57","21.09","20.84","20.36","19.45","21.17","18.99","21.46","22.24","21.68","22.35","22.60","22.22","23.17","23.26","23.49","23.28","22.84","21.45","23.71","23.99","24.12","24.06","26.60","27.44","28.50","28.14","24.90","23.99","23.76","22.44","25.02","25.64","26.19","24.26","27.64","27.72","27.90","26.55","27.61","27.52","25.74","23.87","26.06","25.92","26.62","27.22","25.52","26.66","28.06","26.94","26.37","25.18"
"Shrimp, 300 grams 5","6.05","6.30","6.77","6.40","6.41","7.63","7.04","6.93","7.21","6.58","6.51","7.14","6.27","6.40","7.20","7.60","6.69","8.21","6.72","6.79","6.50","6.75","6.62","7.05","6.39","6.35","6.42","6.34","7.02","6.74","6.48","6.86","6.85","6.60","6.52","6.41","6.58","6.32","6.33","6.31","6.59","6.34","5.93","6.28","6.28","6.39","6.17","6.51","6.04","6.34","5.96","6.50","6.26","6.61","6.41","6.72","6.67","7.41","7.14","6.93","7.12","7.27","6.82","7.44","7.79","7.41","7.73","7.43","7.22","7.45","7.17","7.70","7.61","7.34","7.55","7.52","7.76","7.62","7.82","8.33","8.14","7.72","7.73","7.61","7.59","7.26","7.17","6.95","7.13","7.36","7.26","6.99","6.84","6.83"
"Canned salmon, 213 grams 5","2.88","2.79","2.89","3.21","3.21","2.40","3.18","3.07","3.04","3.24","3.20","3.27","3.16","2.45","2.93","2.89","2.83","3.06","3.08","3.15","3.15","3.06","3.53","3.76","4.07","4.59","4.46","3.77","4.59","4.65","4.45","4.87","4.92","4.96","4.99","4.63","4.83","4.39","4.94","4.29","4.59","4.58","5.10","5.04","4.78","5.15","5.08","5.04","4.86","5.13","5.24","4.52","4.48","4.91","5.15","4.66","4.27","4.85","4.58","4.87","5.12","4.91","5.01","4.94","4.23","4.56","4.75","4.49","4.79","4.39","4.83","4.80","4.30","4.28","5.09","4.65","4.98","4.76","4.98","5.02","4.80","5.32","5.17","5.16","4.67","4.79","4.38","4.64","4.38","4.09","4.38","4.40","4.45","4.37"
"Canned tuna, 170 grams 4","1.37","1.74","1.47","1.52","1.67","1.73","1.41","1.51","1.76","1.67","1.76","2.00","1.70","1.96","1.59","1.64","1.64","1.80","1.83","1.64","1.77","1.68","1.87","2.07","1.77","2.00","1.97","1.58","1.98","2.00","1.64","2.06","1.99","1.79","1.91","1.87","1.81","1.76","2.03","2.18","2.00","1.71","1.85","1.66","1.99","1.93","1.87","2.12","1.62","1.77","1.85","1.72","1.89","2.01","1.85","1.91","1.79","1.98","1.64","2.09","2.15","1.97","1.92","2.01","2.13","2.22","2.13","2.23","2.05","2.11","1.92","2.25","1.98","2.09","2.03","2.13","2.13","2.14","2.09","2.11","2.26","2.09","2.13","2.30","1.86","1.93","1.92","1.60","2.03","1.91","1.85","1.67","1.88","1.69"
"Meatless burgers, 226 grams 5","3.97","3.94","3.96","3.83","3.98","4.02","4.16","3.95","4.08","4.03","3.91","4.18","4.06","3.93","3.89","3.92","4.10","4.11","4.09","4.13","4.13","4.34","4.14","4.11","4.21","4.14","4.28","4.65","6.57","5.31","5.93","5.79","5.67","5.69","5.14","5.36","4.83","4.70","5.36","5.73","5.44","5.81","5.65","5.55","5.59","5.29","5.43","5.38","5.31","5.43","5.35","5.53","5.54","5.79","5.66","5.72","5.79","5.94","5.92","5.87","5.36","5.53","5.44","5.77","5.58","5.49","5.79","5.90","6.01","6.04","6.05","6.09","5.61","6.02","6.04","6.03","5.99","6.06","6.18","6.26","6.03","6.29","6.03","6.27","6.19","6.38","6.19","6.22","6.47","6.92","6.60","6.58","6.49","6.25"
"Milk, 1 litre 4","2.35","2.37","2.38","2.39","2.39","2.39","2.39","2.39","2.39","2.39","2.39","2.39","2.39","2.39","2.36","2.37","2.38","2.39","2.43","2.43","2.57","2.59","2.59","2.59","2.59","2.59","2.59","2.59","2.58","2.58","2.58","2.58","2.58","2.58","2.60","2.60","2.65","2.68","2.68","2.69","2.69","2.60","2.59","2.60","2.59","2.59","2.59","2.59","2.59","2.67","2.68","2.68","2.68","2.69","2.70","2.70","2.70","2.68","2.67","2.67","2.67","2.85","2.86","2.86","2.86","2.87","2.87","2.88","2.94","2.88","2.91","2.92","2.92","2.99","3.00","3.00","3.00","3.01","3.01","3.01","3.00","2.98","2.96","2.97","2.94","2.96","2.97","2.97","3.03","3.05","3.02","3.05","3.04","3.01"
"Milk, 2 litres 4","3.71","3.71","3.70","3.69","3.69","3.67","3.68","3.68","3.67","3.67","3.67","3.67","3.67","3.68","3.66","3.68","3.69","3.68","3.74","3.77","3.82","3.83","3.84","3.85","3.85","3.85","3.85","3.83","3.84","3.84","3.85","3.84","3.83","3.84","3.84","3.86","3.89","3.94","3.99","3.99","4.03","3.92","3.91","3.92","3.92","3.92","3.91","3.92","3.92","4.00","3.95","3.96","3.96","3.95","3.94","3.94","3.94","3.93","3.93","3.94","3.94","4.22","4.25","4.25","4.26","4.29","4.25","4.28","4.45","4.40","4.42","4.43","4.44","4.63","4.66","4.62","4.64","4.67","4.68","4.67","4.62","4.64","4.65","4.66","4.65","4.65","4.65","4.66","4.77","4.81","4.81","4.83","4.81","4.81"
"Milk, 4 litres 4","5.89","5.87","5.87","5.85","5.84","5.84","5.86","5.84","5.80","5.80","5.79","5.80","5.80","5.82","5.81","5.80","5.81","5.79","5.54","5.49","5.63","5.64","5.64","5.64","5.63","5.62","5.63","5.63","5.62","5.62","5.63","5.64","5.62","5.63","5.62","5.65","5.68","5.84","5.85","5.89","5.88","5.82","5.82","5.82","5.81","5.80","5.79","5.80","5.79","6.01","6.01","6.00","6.01","6.00","6.01","6.01","6.00","6.00","6.04","6.05","6.03","6.43","6.45","6.46","6.46","6.46","6.47","6.48","6.57","6.51","6.51","6.52","6.52","6.89","6.97","6.96","6.97","6.97","6.98","6.98","6.97","6.98","6.96","6.97","6.90","6.90","6.90","6.90","7.22","7.23","7.20","7.21","7.20","7.20"
"Soy milk, 1.89 litres 5","3.90","3.91","3.98","3.89","3.77","3.98","4.04","3.82","3.85","3.75","3.98","3.81","3.71","3.77","3.79","3.61","3.75","3.70","3.80","3.63","3.58","3.70","3.74","3.79","3.67","3.90","3.90","3.70","3.93","3.96","3.90","3.88","3.83","3.78","3.83","4.02","3.83","3.83","3.98","3.80","4.09","3.84","3.92","3.96","3.89","4.01","3.78","3.95","3.77","3.93","3.90","3.78","4.05","4.22","4.03","4.03","3.94","3.76","3.71","4.01","3.84","4.01","4.18","4.11","4.32","4.37","4.36","4.15","4.37","4.37","4.45","4.32","4.64","4.43","4.31","4.73","4.43","4.61","4.32","4.46","4.73","4.64","3.96","4.34","4.33","4.16","4.38","4.18","4.26","4.35","4.57","4.62","4.39","4.37"
"Nut milk, 1.89 litres 5","3.79","3.94","3.96","3.86","3.90","4.00","3.97","3.83","3.90","3.86","3.99","3.87","3.78","3.73","3.74","3.63","3.80","3.72","3.83","3.71","3.64","3.75","3.78","3.80","3.68","3.89","3.89","3.80","3.90","3.95","3.96","3.89","3.88","3.86","3.87","3.93","3.82","3.89","4.01","3.90","3.97","3.91","3.92","4.00","3.91","3.99","3.87","4.00","3.86","3.95","3.93","3.83","4.01","4.11","3.99","3.97","3.94","3.81","3.76","3.98","3.85","3.95","4.04","4.08","4.18","4.33","4.19","4.20","4.31","4.30","4.32","4.32","4.52","4.36","4.36","4.57","4.43","4.71","4.33","4.41","4.60","4.66","3.94","4.25","4.35","4.24","4.23","4.18","4.28","4.24","4.43","4.35","4.32","4.04"
"Cream, 1 litre 4","3.98","3.96","4.11","4.13","3.81","3.85","3.94","3.88","4.15","4.15","4.07","4.21","4.02","4.16","3.89","3.80","4.14","4.18","4.16","4.26","4.22","4.44","4.32","4.29","4.39","4.28","4.16","4.22","4.19","4.20","4.42","4.35","4.26","4.38","4.16","4.36","4.35","4.52","4.40","4.49","4.50","4.56","4.57","4.47","4.34","4.44","4.29","4.33","4.20","4.44","4.46","4.33","4.56","4.57","4.60","4.62","4.58","4.66","4.57","4.65","4.70","4.55","4.58","4.91","4.83","4.83","4.90","4.81","4.91","4.77","4.84","4.65","4.95","4.95","4.80","4.86","5.03","5.12","5.05","5.00","4.94","4.99","4.90","4.92","4.93","4.79","4.76","4.73","4.99","5.21","5.13","5.20","5.26","5.15"
"Butter, 454 grams 4","4.63","4.51","4.63","4.00","4.58","4.61","3.65","4.66","3.63","4.47","4.30","4.56","4.15","4.41","3.68","4.12","4.44","4.07","3.80","3.99","3.64","4.41","3.87","4.03","4.24","4.07","4.30","3.56","4.30","4.11","4.28","3.91","3.86","3.91","3.66","3.91","3.86","4.56","4.31","4.39","4.50","4.43","4.01","3.69","4.15","4.18","4.48","4.91","4.22","4.79","4.17","5.10","5.02","5.11","5.02","5.25","4.55","4.85","4.47","5.01","4.75","5.52","5.22","5.48","5.84","6.00","5.70","5.14","5.64","5.35","5.67","6.42","5.59","6.10","5.36","6.29","6.08","5.87","5.90","5.61","5.86","6.09","5.73","6.25","5.98","6.13","5.67","5.95","5.68","5.99","6.39","5.74","5.65","5.83"
"Margarine, 907 grams 5","4.33","4.34","4.20","4.55","4.55","3.81","4.26","4.34","4.45","4.52","4.26","4.25","4.26","4.30","4.42","4.74","4.44","4.20","4.52","4.56","4.40","4.35","4.46","4.55","4.31","4.54","4.45","4.61","4.57","4.64","4.63","4.78","4.46","4.46","4.04","4.24","4.16","4.05","4.35","4.53","4.31","4.26","3.99","4.38","4.67","4.26","4.30","4.38","4.39","4.64","4.53","5.15","5.08","5.01","5.03","5.12","5.17","5.08","5.34","4.97","5.48","5.56","5.95","6.52","6.38","6.76","6.81","7.37","7.21","7.22","7.54","7.32","7.31","7.12","7.46","7.50","7.46","7.73","7.92","7.73","7.83","7.87","7.81","7.83","7.68","7.64","7.65","7.04","7.58","7.78","7.62","7.58","7.72","7.61"
"Block cheese, 500 grams 5","5.76","6.13","5.83","5.25","5.68","5.96","5.75","5.89","5.40","5.47","5.75","5.33","5.60","5.77","5.23","5.95","5.81","5.84","5.65","6.03","5.66","5.33","5.15","5.18","5.61","5.62","6.16","5.53","5.84","5.87","6.04","5.67","5.81","5.41","5.79","5.35","5.70","5.74","6.03","6.19","6.19","6.12","6.22","5.94","5.97","5.99","5.70","6.08","6.16","6.22","5.93","6.20","6.42","6.55","6.37","6.38","6.37","6.28","6.23","6.08","6.50","6.58","7.09","6.62","6.82","6.78","6.55","6.89","6.79","6.58","6.71","6.32","6.87","6.60","6.64","6.69","6.64","6.91","7.00","6.69","6.77","6.79","6.95","6.43","7.22","6.89","6.88","6.93","6.89","7.01","6.87","7.00","6.92","6.82"
"Yogurt, 500 grams 5","2.66","2.85","2.93","3.04","2.93","2.86","2.95","3.01","2.91","3.05","2.96","3.17","2.83","2.91","2.89","2.96","2.92","2.93","3.03","2.93","2.92","3.00","3.17","3.09","3.06","3.05","3.16","3.01","3.08","3.05","2.99","2.97","2.97","2.95","2.96","2.91","2.94","2.91","3.01","2.95","2.95","3.09","3.00","3.09","2.92","3.03","3.13","3.06","2.95","3.02","3.04","3.12","3.08","3.08","3.23","3.26","3.25","3.27","3.28","3.21","3.24","3.25","3.35","3.36","3.43","3.49","3.49","3.44","3.37","3.37","3.56","3.60","3.56","3.53","3.60","3.61","3.62","3.63","3.83","3.63","3.78","3.70","3.56","3.85","3.57","3.63","3.61","3.52","3.71","3.74","3.80","3.77","3.67","3.77"
"Eggs, 1 dozen 4","3.11","3.20","3.41","3.24","3.13","3.16","3.55","3.40","3.40","3.54","3.26","3.44","3.07","3.67","3.34","3.52","3.31","3.49","3.50","3.64","3.56","3.50","3.56","3.45","3.53","3.66","3.53","3.37","3.53","3.68","3.56","3.60","3.76","3.46","3.76","3.54","3.84","3.50","3.46","3.99","4.02","4.01","4.06","4.10","4.14","4.18","4.18","4.16","4.15","4.20","4.35","4.35","4.38","4.35","3.66","4.41","3.97","4.35","4.21","4.50","4.27","4.25","4.29","4.82","4.87","4.58","4.42","4.37","5.16","4.97","4.65","5.04","4.57","4.90","3.86","5.16","5.21","5.26","4.81","4.80","4.41","5.34","5.15","5.14","5.03","5.01","4.54","4.98","5.10","5.14","5.23","5.33","5.24","5.23"
"Apples, per kilogram 4","4.84","4.57","4.56","4.76","4.74","4.92","5.18","4.85","4.68","4.35","4.50","4.53","4.91","4.90","5.02","5.04","5.08","5.25","5.07","5.19","4.97","4.36","5.32","5.51","5.58","5.26","5.65","5.48","5.73","6.00","6.17","6.29","5.73","5.43","5.76","5.70","5.74","5.62","5.95","5.56","5.57","5.98","5.90","6.26","5.98","5.57","5.99","6.28","6.12","5.35","6.03","5.89","6.32","6.43","6.42","6.78","6.25","5.45","6.03","6.02","5.57","5.66","5.82","5.88","5.48","6.07","6.63","7.04","6.88","5.75","6.66","6.24","5.82","6.45","6.07","6.18","6.37","6.11","6.52","6.99","6.50","5.62","5.63","6.05","6.28","6.01","5.65","6.11","6.47","6.60","6.63","6.64","5.68","4.87"
"Oranges, per kilogram 4","3.61","3.74","3.56","3.84","4.09","4.22","3.56","3.54","3.66","3.17","3.72","4.01","4.13","3.93","3.92","3.53","3.65","3.78","3.81","3.80","3.50","3.53","4.23","3.89","3.82","3.99","4.32","3.83","3.81","3.85","3.95","3.50","3.55","3.79","4.07","4.15","3.89","3.63","4.03","4.35","4.47","4.91","4.70","4.42","4.15","4.12","4.25","4.39","3.83","3.75","3.65","3.59","4.27","4.29","4.49","4.28","4.27","4.35","4.76","4.86","4.21","4.50","4.91","4.68","4.84","3.77","4.91","4.95","5.24","5.24","5.38","4.93","5.79","5.52","5.72","5.54","5.92","6.02","5.70","5.99","6.01","6.53","6.18","6.02","5.19","4.92","4.50","5.56","4.48","5.22","5.48","5.54","5.77","5.75"
"Oranges, 1.36 kilograms 4 5","4.74","5.28","4.68","4.70","5.71","5.95","5.45","4.93","4.41","4.35","5.23","5.44","5.22","5.55","5.58","4.74","5.34","5.54","5.45","4.91","4.72","4.87","5.65","5.33","5.29","5.22","5.13","5.04","5.16","5.07","5.18","5.00","4.80","4.62","5.00","4.96","4.13","4.87","4.80","4.83","5.37","6.14","5.36","5.73","5.46","4.81","5.28","4.71","4.71","4.97","5.11","4.91","4.87","5.11","5.64","5.54","4.96","5.25","5.19","5.81","4.78","6.19","5.02","6.13","5.86","5.53","5.98","6.47","6.45","5.33","6.23","6.14","6.39","6.88","5.94","6.74","6.80","7.35","6.98","7.30","6.22","7.47","7.20","8.08","6.28","6.97","6.70","7.47","5.97","7.21","7.25","6.89","6.43","7.37"
"Bananas, per kilogram 4","1.96","1.96","1.96","1.97","1.97","1.96","1.95","1.93","1.95","1.94","1.95","1.93","1.97","1.97","1.97","1.97","1.97","1.96","1.95","1.94","1.95","1.95","1.95","1.95","1.97","1.97","1.97","1.97","1.97","1.97","1.96","1.96","1.96","1.96","1.96","1.94","1.97","1.97","1.95","1.97","1.97","1.97","1.91","1.96","1.95","1.96","1.95","1.93","1.97","1.97","1.96","1.96","1.96","1.94","1.96","1.94","1.96","1.95","1.95","1.92","1.96","1.96","1.96","1.98","1.97","1.99","1.97","2.08","2.10","2.08","2.18","2.16","2.17","2.16","2.16","2.17","2.18","2.17","2.15","2.15","2.14","2.17","2.16","2.10","2.14","2.14","2.14","2.13","2.15","2.13","2.11","2.12","2.13","2.01"
"Pears, per kilogram 4","4.65","4.92","5.16","4.43","4.72","5.02","4.73","4.53","4.43","4.07","4.39","4.45","4.80","4.67","4.76","4.69","5.02","4.98","4.79","4.58","4.89","4.69","4.33","4.79","4.77","4.81","5.05","4.75","4.94","5.20","4.94","4.93","4.85","4.99","4.74","5.06","5.23","5.47","5.28","5.48","5.41","5.46","5.70","5.06","5.96","6.04","5.93","5.92","5.89","5.64","6.09","5.78","5.76","5.68","5.62","5.65","5.94","6.23","5.73","5.96","5.76","5.70","5.91","5.65","5.63","5.73","5.72","6.05","6.53","6.08","6.64","6.88","6.81","6.69","5.85","6.57","6.03","5.32","6.12","6.33","6.19","6.24","5.90","6.10","6.07","5.86","6.10","5.69","6.00","5.98","5.98","5.78","5.92","5.83"
"Lemons, unit 4","1.00","0.99","1.08","1.05","1.04","1.07","1.04","1.01","0.90","0.86","0.88","0.95","1.04","0.98","0.96","0.93","0.94","0.90","0.92","0.92","0.94","0.90","0.99","0.97","1.03","0.95","0.96","0.94","0.93","0.97","0.96","0.97","0.93","0.94","0.96","0.97","0.92","0.85","0.96","0.95","0.99","0.97","0.98","1.01","1.00","1.01","0.98","0.98","0.95","0.93","0.96","0.93","0.97","0.98","1.02","0.96","1.01","0.99","1.00","0.97","0.99","1.00","0.98","0.95","0.98","0.95","0.93","0.96","1.01","1.01","0.99","0.93","0.98","1.06","1.00","1.06","1.02","1.14","1.10","1.16","1.10","1.14","1.19","1.07","1.10","1.05","1.07","1.08","1.06","0.98","0.95","0.91","0.97","0.94"
"Limes, unit 4","0.69","0.73","0.76","0.78","0.80","0.70","0.69","0.76","0.72","0.66","0.67","0.72","0.72","0.75","0.82","0.81","0.80","0.78","0.84","0.79","0.74","0.71","0.69","0.77","0.73","0.61","0.70","0.87","0.85","0.82","0.84","0.84","0.79","0.80","0.79","0.86","0.83","0.81","0.85","0.84","0.86","0.84","0.82","0.81","0.80","0.79","0.82","0.84","0.81","0.78","0.85","0.88","0.88","0.88","0.84","0.88","0.89","0.87","0.83","0.85","0.89","1.03","1.21","1.46","1.41","1.03","0.93","1.01","0.95","0.98","1.01","0.92","0.88","0.94","0.96","1.10","1.30","1.21","1.09","1.08","1.09","1.12","1.26","1.14","1.08","1.07","1.13","1.07","1.01","1.08","1.04","1.02","1.00","1.03"
"Grapes, per kilogram 4","8.03","6.51","5.77","5.67","6.61","4.92","5.16","5.23","5.08","5.33","5.98","6.13","7.80","5.21","4.89","5.48","6.50","5.56","6.35","6.14","5.34","5.59","5.09","6.30","6.08","5.64","5.81","5.54","6.63","6.55","5.62","5.39","5.14","5.42","5.63","5.90","6.06","6.08","5.70","6.26","7.28","6.01","6.71","6.46","5.80","6.45","7.35","6.56","6.74","6.19","6.87","6.65","8.49","7.81","6.80","7.12","6.00","6.15","5.74","6.39","7.47","7.89","7.21","6.91","7.83","7.18","7.99","6.72","6.18","5.82","7.53","8.03","8.04","8.08","7.38","7.13","10.20","8.27","7.32","6.47","7.80","7.85","8.46","9.68","7.89","9.61","7.98","8.83","9.30","8.09","7.52","7.55","7.01","7.24"
"Cantaloupe, unit 4","3.11","2.66","2.76","2.95","2.95","3.38","3.28","2.65","2.59","3.08","3.41","2.86","3.29","2.68","2.08","2.95","2.27","3.02","2.99","2.87","2.92","2.66","3.92","2.66","3.11","2.92","3.25","3.40","2.81","3.66","3.57","2.88","2.78","3.55","4.04","3.41","3.18","3.04","3.21","3.44","3.66","3.93","3.31","3.00","2.76","4.16","3.88","3.58","3.83","3.88","3.34","3.27","3.25","3.53","3.59","3.11","3.38","4.10","4.56","4.17","4.44","4.20","3.58","4.35","4.61","4.44","4.55","3.61","4.19","4.19","5.20","4.59","4.90","5.18","5.12","4.78","5.05","4.48","4.36","3.38","3.85","4.81","4.72","3.45","4.13","4.42","4.16","4.48","4.60","4.48","3.65","3.44","3.87","4.16"
"Strawberries, 454 grams 5","3.54","3.05","3.44","3.02","3.07","3.10","3.26","3.67","3.02","2.85","4.74","5.10","4.19","2.73","3.10","4.08","2.92","3.01","3.10","2.91","3.28","3.24","3.90","6.59","4.74","3.60","3.02","3.41","3.43","3.64","2.90","3.14","3.38","3.63","5.06","5.97","4.88","3.30","3.81","3.42","3.93","3.08","4.19","4.65","4.20","5.41","5.83","5.84","4.38","4.81","3.28","3.64","4.51","3.92","3.87","4.69","4.53","4.29","5.93","6.43","5.32","4.17","3.58","4.47","4.05","3.78","5.37","5.43","5.09","5.49","7.09","6.85","4.58","4.61","3.78","5.33","3.80","5.26","5.01","4.93","4.21","3.94","4.82","5.65","5.86","4.53","3.75","4.10","3.93","3.82","4.71","5.11","5.74","4.38"
"Avocado, unit 4","1.35","1.07","1.32","1.46","1.69","1.79","1.75","1.59","1.52","1.61","1.23","1.53","1.36","1.35","1.45","1.53","1.55","1.67","1.53","1.70","1.71","1.39","1.59","1.84","1.82","1.72","1.57","1.79","1.99","2.17","2.01","1.91","1.86","1.72","1.75","1.70","1.76","1.75","1.66","1.83","1.95","2.02","2.06","1.87","1.63","1.49","1.61","1.56","1.50","1.49","1.63","1.80","1.73","1.71","1.90","1.82","1.64","1.46","1.68","1.75","1.80","2.02","2.04","2.27","2.64","2.49","2.02","1.94","1.52","1.79","1.83","1.81","1.73","1.54","1.62","1.75","1.66","1.78","1.84","1.89","1.70","1.84","1.80","1.71","1.89","2.04","2.04","1.74","2.04","2.38","2.58","2.62","2.18","2.01"
"Potatoes, 4.54 kilograms 4","3.52","3.40","3.78","3.43","3.85","4.29","5.28","4.41","3.64","3.41","3.09","4.05","3.10","3.54","3.53","3.93","3.45","4.53","4.98","4.62","4.04","4.14","4.74","4.28","4.78","4.43","3.66","4.30","4.62","4.50","5.54","4.78","4.59","3.91","4.13","3.38","3.94","4.59","4.51","4.95","5.50","5.10","4.39","4.51","4.19","3.90","3.58","3.49","3.90","4.00","4.22","4.92","5.11","4.55","4.49","4.31","3.98","4.32","4.11","4.13","4.03","3.58","3.94","4.61","4.99","5.03","5.51","5.40","5.04","4.17","4.18","3.63","4.53","4.63","4.51","5.21","5.13","5.63","5.09","5.89","5.22","5.47","4.85","5.46","5.67","4.70","5.67","5.75","6.22","5.82","6.18","5.89","4.55","4.63"
"Potatoes, per kilogram 4","3.15","3.30","3.46","3.83","3.76","3.97","3.97","3.72","3.50","3.52","3.64","3.72","3.82","3.73","3.79","3.91","3.86","3.89","3.98","4.06","4.07","3.94","3.84","3.99","3.87","3.72","4.13","4.18","4.43","4.07","4.36","4.70","4.28","4.28","4.28","4.19","4.28","3.74","3.62","4.32","4.47","4.48","4.62","4.44","4.11","4.05","3.96","4.37","4.57","4.66","4.59","4.65","4.63","4.14","4.60","4.40","4.14","4.04","3.96","4.06","3.87","4.00","3.95","4.02","4.75","5.12","5.24","5.23","4.82","4.65","5.12","4.76","4.40","4.43","4.44","5.05","4.86","4.57","4.70","4.59","4.34","4.64","4.75","4.90","4.84","4.97","4.97","4.87","5.00","4.82","5.08","5.01","5.05","5.41"
"Sweet potatoes, per kilogram 4","3.85","4.01","4.30","3.69","4.09","4.25","4.12","4.16","4.13","3.29","3.79","2.86","3.74","4.28","3.35","3.84","4.08","4.28","4.47","4.46","4.03","3.73","4.16","3.72","4.09","4.00","4.45","3.51","4.74","4.27","4.69","4.85","4.85","3.88","4.13","3.49","4.25","4.10","4.14","3.87","4.35","4.41","4.55","4.45","4.50","3.73","4.32","3.59","4.22","4.58","4.29","4.41","4.43","3.95","4.37","4.23","4.07","3.35","4.07","3.30","4.03","4.16","4.23","3.43","4.10","4.40","4.42","4.44","3.89","3.61","4.33","3.44","4.34","4.32","4.04","3.71","4.66","4.53","4.79","4.82","4.68","3.38","4.48","4.00","4.75","4.91","4.23","4.78","5.13","5.22","5.20","5.16","4.60","3.91"
"Tomatoes, per kilogram 4","4.36","4.44","4.17","3.85","3.58","3.55","3.61","3.31","2.93","2.94","3.61","4.71","5.73","5.46","5.29","4.08","3.84","3.57","4.05","3.70","3.33","3.89","4.91","5.82","6.02","5.10","4.65","4.67","4.17","4.07","4.30","4.30","3.80","4.09","5.04","5.73","6.66","6.91","6.95","5.83","5.14","5.53","5.81","5.55","5.66","6.03","6.59","6.55","6.84","6.79","5.78","4.45","4.27","4.25","4.16","4.23","4.28","4.51","5.75","6.12","6.51","6.35","5.30","4.60","4.98","4.74","5.37","5.28","5.00","4.77","6.85","7.11","7.93","7.65","6.46","5.71","5.49","5.34","5.38","5.56","5.16","5.72","5.83","6.83","6.89","7.04","5.98","5.16","4.98","5.59","5.65","5.23","5.55","5.60"
"Cabbage, per kilogram 4","2.12","2.09","2.27","2.18","2.41","2.68","2.40","2.14","2.17","1.95","1.99","2.04","2.16","2.24","2.12","2.29","2.35","2.54","2.58","2.26","2.30","2.42","2.52","2.64","2.76","2.63","2.30","2.82","3.08","3.46","3.25","2.96","2.32","2.11","2.29","2.12","2.56","2.41","2.22","2.23","2.37","2.64","2.69","2.29","2.13","2.26","2.20","2.12","2.43","2.58","2.22","2.52","2.54","2.68","2.66","2.51","2.21","2.07","2.19","2.25","2.36","2.42","2.40","2.42","2.41","2.55","2.77","2.60","2.48","2.52","2.51","2.50","2.79","2.80","2.54","2.59","2.84","2.95","2.92","2.75","2.55","2.82","2.87","2.79","2.72","2.70","2.59","2.68","2.85","2.95","2.83","2.76","2.51","2.43"
"Carrots, 1.36 kilograms 5","2.05","2.01","2.40","2.87","3.30","3.37","3.39","3.09","2.74","2.47","2.15","2.37","2.27","2.19","2.91","2.97","3.23","3.14","2.89","2.71","2.43","2.23","2.50","2.25","2.52","2.51","2.87","2.95","3.98","4.15","3.88","3.37","2.82","2.72","2.55","2.53","2.70","2.58","2.47","3.03","3.80","3.95","4.06","3.58","2.74","2.68","2.86","2.88","3.16","3.13","3.19","3.20","3.44","3.57","3.35","3.11","3.10","2.62","2.92","3.05","3.02","3.23","3.08","3.74","4.01","4.31","4.01","4.03","3.74","2.92","3.26","3.15","3.43","3.68","3.68","3.76","3.97","4.21","4.14","3.65","3.70","3.16","3.73","3.68","3.99","4.16","3.68","4.19","4.32","4.40","4.27","3.79","3.67","3.08"
"Onions, per kilogram 4","4.87","4.83","4.87","4.78","4.75","4.72","4.82","4.76","4.78","4.87","4.79","4.93","4.83","4.92","5.10","5.01","4.95","4.86","5.33","5.01","4.85","4.63","4.87","5.09","4.84","4.98","5.04","5.09","5.27","5.31","5.37","5.56","4.95","4.75","4.78","4.77","4.45","4.45","4.65","4.87","4.43","4.72","5.04","4.93","4.94","5.28","5.24","5.34","4.97","5.17","5.14","4.50","4.84","4.72","4.99","4.92","4.71","4.95","5.05","5.27","5.14","5.46","5.68","5.96","6.04","6.12","6.01","5.95","5.88","6.00","5.94","5.83","5.73","5.94","5.96","5.69","5.62","5.62","5.92","5.95","5.94","6.05","5.97","6.31","5.86","6.61","7.02","6.98","7.09","7.05","6.72","6.05","6.08","6.14"
"Onions, 1.36 kilograms 5","2.88","2.86","3.15","3.74","3.69","3.63","3.69","4.02","3.61","3.41","2.94","3.18","3.08","2.91","3.20","3.28","3.46","3.48","4.07","3.91","3.42","2.99","3.35","3.09","3.34","3.33","3.77","3.75","4.19","4.43","4.64","4.74","3.73","3.60","3.36","3.28","3.44","3.31","3.17","3.61","3.73","3.99","4.29","4.08","3.60","3.57","3.72","3.76","3.97","3.98","4.06","3.90","4.02","3.94","4.08","4.39","4.02","3.55","3.90","3.97","4.03","4.45","4.43","4.98","5.39","5.52","5.49","5.46","5.09","3.94","4.23","4.05","4.47","4.69","4.48","4.39","4.45","4.51","4.78","4.51","4.52","4.12","4.43","4.65","4.75","5.18","4.84","5.30","5.57","5.79","5.64","5.17","4.83","4.30"
"Celery, unit 4","2.79","2.55","2.72","2.66","3.33","3.85","3.22","2.43","2.22","2.20","2.60","2.93","2.93","2.88","2.59","2.57","2.91","2.96","2.88","2.79","2.56","2.39","2.66","3.17","3.10","3.39","3.63","4.80","5.14","5.14","4.04","3.05","2.84","2.69","3.18","3.29","3.21","3.13","3.03","3.15","3.28","3.24","3.24","2.93","2.86","3.28","3.20","3.16","3.21","3.45","3.07","2.90","3.08","3.03","2.81","2.81","2.45","2.81","3.30","3.27","3.25","3.35","3.34","3.27","3.44","3.64","3.47","2.99","2.87","3.06","3.79","4.25","4.73","4.44","4.31","4.23","4.33","4.50","3.94","3.15","3.07","3.49","4.03","4.17","4.09","3.88","3.83","3.72","3.99","4.00","3.54","2.98","2.95","3.19"
"Cucumber, unit 4","1.73","1.68","1.46","1.51","1.51","1.52","1.51","1.29","1.14","1.22","1.52","1.96","2.07","1.70","1.61","1.45","1.48","1.45","1.41","1.58","1.40","1.55","1.76","1.89","2.09","1.99","1.65","1.43","1.67","1.58","1.54","1.69","1.57","1.73","1.89","2.16","2.23","2.16","1.66","1.58","1.62","1.68","1.72","1.59","1.69","1.79","2.17","2.08","2.07","2.05","1.67","1.40","1.40","1.63","1.80","1.80","1.67","1.69","2.09","2.24","2.22","2.40","1.80","1.53","1.65","1.72","1.84","1.69","1.72","1.81","1.96","2.16","2.07","2.11","2.11","1.80","1.85","1.60","1.77","1.70","1.67","1.88","2.05","2.40","2.43","2.24","1.92","1.61","1.68","2.01","1.69","1.59","1.97","1.99"
"Mushrooms, 227 grams 5","2.14","2.01","2.13","2.07","2.22","2.02","2.09","2.28","2.21","1.98","2.04","2.13","2.14","1.92","2.01","2.33","2.26","2.27","2.21","2.21","2.46","2.14","2.23","2.30","2.29","2.30","2.19","2.42","2.15","2.48","2.37","2.47","2.49","2.22","2.37","2.35","2.25","2.08","2.20","2.43","2.37","2.38","2.48","2.49","2.65","2.55","2.44","2.40","2.45","2.37","2.49","2.50","2.32","2.68","2.72","2.71","2.57","2.60","2.55","2.63","2.66","2.59","2.50","2.55","2.84","2.77","2.81","2.60","2.68","2.65","2.65","2.72","2.88","2.90","3.04","2.74","2.82","2.82","2.99","2.84","2.98","3.00","3.03","2.62","2.48","2.71","2.59","2.51","2.83","2.65","2.69","2.87","2.90","2.88"
"Iceberg lettuce, unit 4","2.12","2.06","2.09","2.52","2.86","2.25","1.87","1.41","1.65","1.94","2.15","2.37","2.36","2.18","2.34","2.19","2.51","2.25","2.34","2.09","2.19","2.33","2.46","3.37","2.91","2.81","2.73","2.74","2.73","2.41","2.08","2.12","2.27","2.43","3.08","2.86","2.95","2.90","3.01","3.17","3.03","3.07","2.73","2.50","2.60","3.09","3.37","3.37","3.16","3.26","3.00","2.76","2.81","2.70","2.32","2.16","2.35","2.66","3.76","3.18","2.68","2.99","3.52","3.56","3.05","3.03","2.48","2.45","2.67","3.40","4.42","4.63","4.33","3.89","3.35","3.59","3.82","3.20","2.73","2.95","2.87","2.82","2.93","3.09","3.19","3.13","3.48","3.40","3.77","3.58","2.69","2.83","2.69","2.66"
"Romaine lettuce, unit 4","2.22","2.26","2.34","3.29","3.39","2.04","1.81","1.53","1.79","1.86","2.46","2.42","2.39","2.45","2.51","2.58","2.44","2.15","1.88","1.90","2.25","2.52","2.44","3.60","2.71","3.03","2.99","2.73","3.02","2.61","2.28","2.51","2.62","2.86","3.14","3.14","3.10","2.90","3.11","3.20","3.35","3.17","2.55","2.28","2.67","3.70","3.56","3.29","3.23","3.32","3.14","2.94","2.81","2.41","1.82","1.74","1.98","2.48","3.36","3.46","3.21","3.34","3.88","4.13","3.43","2.79","2.01","2.17","2.47","3.50","4.57","4.48","4.29","3.92","3.74","3.81","3.83","2.98","2.45","2.24","2.34","2.56","2.88","2.96","3.27","3.20","3.81","4.09","4.60","3.30","2.95","2.41","2.77","3.14"
"Broccoli, unit 4","2.43","2.48","2.46","2.57","2.76","2.72","2.29","2.08","1.88","2.00","2.14","2.70","2.69","2.19","2.34","2.61","2.68","2.69","2.60","2.00","1.96","2.43","2.70","2.70","2.55","2.85","2.50","2.58","2.86","2.91","2.59","2.43","2.53","2.39","3.14","2.69","3.07","3.02","3.05","3.16","2.76","3.25","2.74","2.42","2.73","2.87","3.35","3.17","3.31","3.01","3.00","3.19","3.14","2.94","2.49","2.86","3.25","2.88","3.43","3.19","3.33","3.53","3.25","3.38","3.33","3.58","3.10","3.00","3.17","3.24","3.57","3.71","3.58","3.66","3.69","4.05","3.93","3.67","3.21","3.36","3.20","3.28","3.40","3.20","3.43","3.06","3.18","3.17","3.41","3.36","3.09","3.08","2.96","2.88"
"Peppers, per kilogram 4","6.39","6.11","6.61","6.84","6.85","6.96","6.99","6.57","6.18","6.63","7.56","8.20","8.25","8.08","8.27","7.82","7.88","8.32","8.20","7.49","7.37","8.13","8.37","9.06","9.22","8.91","9.17","8.45","7.86","8.73","8.58","6.56","6.88","7.03","8.06","7.77","7.85","8.76","9.06","8.23","8.65","8.58","9.49","7.77","8.41","8.24","8.21","9.22","9.35","9.19","8.35","7.03","7.44","7.72","7.79","7.02","6.78","6.92","8.43","8.38","8.54","8.73","8.19","7.77","8.64","8.74","8.17","7.45","6.69","7.11","8.90","8.91","9.37","8.96","9.01","8.64","9.13","8.92","8.59","7.59","8.04","7.90","8.77","9.50","9.57","8.98","8.78","7.82","8.43","7.66","9.01","8.95","8.24","8.58"
"Squash, per kilogram 4","3.36","3.58","3.74","3.93","4.24","4.63","4.83","4.38","3.16","2.62","3.08","3.00","3.71","4.26","4.47","4.24","4.76","4.95","5.08","4.38","3.16","2.73","3.47","3.70","4.31","4.21","4.44","5.05","5.40","5.67","5.84","5.50","3.25","2.92","3.32","3.71","4.59","4.83","4.98","5.04","5.02","5.79","5.25","4.87","3.70","3.37","3.58","4.05","4.34","5.17","4.99","5.04","5.25","4.97","4.85","4.42","3.76","3.21","3.96","4.20","4.82","5.24","5.20","4.37","5.34","5.63","5.52","5.31","4.33","4.07","4.22","4.41","4.57","5.45","5.85","6.01","6.22","6.02","6.06","5.28","3.74","3.64","3.68","4.52","4.82","5.25","5.31","4.68","5.04","4.95","5.32","4.96","4.29","3.55"
"Salad greens, 142 grams 5","3.96","3.89","3.98","4.02","4.00","4.04","4.02","4.15","4.07","4.02","4.14","4.09","4.27","4.04","4.20","4.14","4.17","4.15","4.14","4.05","4.18","4.06","4.24","4.33","4.09","4.00","4.13","4.17","4.29","4.08","4.04","4.12","4.30","3.99","4.21","4.07","4.49","4.07","4.22","4.05","4.03","4.15","4.00","4.03","4.04","3.96","4.24","3.95","4.09","4.20","4.11","4.03","4.15","4.04","4.10","4.10","4.00","3.85","4.19","4.01","4.01","4.08","4.21","4.36","4.60","4.45","4.21","4.57","4.64","4.67","4.96","4.64","4.62","4.30","4.75","4.80","4.76","4.57","4.47","4.78","4.31","4.66","4.41","4.44","4.76","4.62","4.68","4.23","4.36","4.58","4.58","4.76","4.51","4.63"
"Frozen french fried potatoes, 750 grams 5","1.95","1.91","2.01","2.00","2.03","2.00","2.04","2.04","2.06","1.98","2.02","2.05","1.87","1.94","1.96","2.05","2.02","2.04","2.08","2.03","2.04","2.15","2.10","2.15","2.17","2.15","2.12","2.22","2.29","2.29","2.25","2.25","2.34","2.38","2.38","2.32","2.34","2.20","2.40","2.38","2.36","2.42","2.38","2.34","2.41","2.44","2.45","2.47","2.36","2.46","2.39","2.50","2.53","2.47","2.54","2.50","2.57","2.62","2.61","2.67","2.51","2.65","2.57","2.75","2.87","2.88","2.88","2.99","3.08","3.06","3.00","2.96","3.00","3.25","3.40","3.37","3.38","3.20","3.44","3.55","3.57","3.48","3.24","3.56","3.46","3.88","3.83","2.79","3.87","3.70","3.93","3.67","3.93","3.83"
"Frozen green beans, 750 grams 5","2.94","2.99","3.63","3.51","3.84","3.80","3.98","3.72","3.52","3.38","3.34","3.40","3.34","3.20","3.25","3.41","3.17","3.52","3.73","3.38","3.43","3.58","3.77","3.66","3.84","3.63","3.51","3.68","3.72","3.85","3.64","3.43","3.55","3.43","3.62","3.63","3.68","3.51","3.72","3.63","4.06","4.01","3.99","3.89","3.58","3.53","3.69","3.35","3.28","3.94","3.93","3.93","4.08","3.88","3.88","3.80","3.64","3.68","3.87","3.82","3.95","3.89","3.94","3.75","3.94","3.90","4.08","4.19","4.11","4.07","4.12","3.91","4.08","4.27","4.39","4.12","4.39","4.24","4.28","4.30","4.13","4.18","4.44","4.50","4.21","4.50","4.27","4.61","4.55","4.41","4.49","4.22","4.31","4.41"
"Frozen broccoli, 500 grams 4","3.13","3.08","3.17","2.55","3.21","2.99","3.47","3.17","2.76","3.12","2.85","2.86","3.03","2.65","2.69","2.98","2.71","2.86","3.43","3.00","2.96","3.12","2.94","2.79","3.12","2.79","3.12","2.74","3.34","3.39","3.32","2.93","3.28","2.95","3.01","2.81","2.72","3.05","3.40","3.53","3.56","3.62","3.72","3.62","3.40","2.99","3.41","2.98","2.96","3.40","3.38","3.44","3.68","3.52","3.71","3.65","3.34","3.24","3.53","3.31","3.42","3.44","3.79","3.43","3.59","3.50","3.60","3.69","3.77","3.62","3.81","3.25","3.78","3.96","3.97","3.63","3.85","3.94","3.89","4.01","3.84","3.66","4.06","3.72","3.85","4.13","3.65","4.16","3.91","3.67","3.98","4.14","3.90","3.72"
"Frozen corn, 750 grams  5","2.80","2.87","3.01","2.68","3.10","2.99","3.23","3.05","2.74","2.89","2.77","2.77","2.80","2.56","2.65","2.81","2.63","2.92","3.12","2.93","2.87","2.92","2.98","2.80","3.14","2.94","2.95","2.98","3.22","3.23","3.08","2.98","3.14","3.00","3.02","2.99","2.97","2.98","3.13","3.19","3.39","3.41","3.48","3.39","3.12","2.95","3.11","2.80","2.79","3.34","3.33","3.38","3.46","3.41","3.40","3.35","3.16","3.12","3.34","3.22","3.41","3.32","3.44","3.13","3.34","3.29","3.42","3.47","3.47","3.45","3.46","3.29","3.49","3.71","3.78","3.47","3.76","3.76","3.79","3.91","3.59","3.63","3.81","3.78","3.61","3.78","3.38","3.77","3.85","3.78","3.88","3.70","3.69","3.64"
"Frozen mixed vegetables, 750 grams  5","3.27","3.15","3.44","3.16","3.52","3.43","3.76","3.31","3.28","3.22","3.06","3.19","3.05","3.09","3.09","3.19","3.01","3.26","3.64","3.35","3.35","3.41","3.59","3.26","3.43","3.28","3.30","3.36","3.46","3.53","3.43","3.35","3.54","3.25","3.58","3.37","3.30","3.29","3.43","3.62","3.73","3.74","3.81","3.73","3.45","3.32","3.50","3.26","3.18","3.60","3.42","3.64","3.82","3.74","3.80","3.80","3.47","3.52","3.70","3.61","3.69","3.74","3.83","3.55","3.69","3.67","3.76","3.79","3.98","3.90","3.96","3.69","3.86","4.08","4.12","3.75","4.18","4.13","4.21","4.22","4.18","4.06","4.19","4.25","3.88","4.05","3.96","4.18","4.30","4.32","4.30","4.16","4.13","4.19"
"Frozen peas, 750 grams 5","2.94","2.94","3.09","2.72","3.17","3.04","3.28","3.09","2.80","2.93","2.82","2.84","2.82","2.63","2.68","2.82","2.70","2.96","3.14","2.97","2.91","2.97","3.06","2.88","3.16","2.99","3.03","2.99","3.22","3.26","3.12","3.03","3.20","3.06","3.07","3.06","3.00","3.00","3.12","3.21","3.37","3.38","3.44","3.38","3.11","2.95","3.11","2.85","2.82","3.29","3.19","3.29","3.35","3.28","3.27","3.27","3.09","3.07","3.26","3.19","3.36","3.29","3.41","3.13","3.20","3.18","3.32","3.49","3.50","3.50","3.62","3.39","3.54","3.74","3.80","3.58","3.74","3.74","3.82","3.94","3.59","3.66","3.79","3.78","3.65","3.81","3.38","3.74","3.92","3.80","3.83","3.69","3.68","3.61"
"Frozen pizza, 390 grams 5","3.87","3.98","3.66","4.07","3.73","4.27","4.29","3.81","3.89","4.05","4.21","3.83","3.89","3.91","4.20","3.96","3.93","4.14","4.29","4.26","3.76","4.26","4.24","4.16","4.32","4.37","4.56","3.79","4.24","4.10","4.34","4.15","3.82","3.92","4.10","4.23","3.99","4.64","3.92","4.42","4.54","4.55","4.36","4.58","4.14","4.14","4.17","4.34","4.40","4.35","4.02","4.02","4.46","4.43","4.69","4.46","4.17","4.73","4.34","4.20","4.55","4.50","4.01","4.07","4.43","4.32","4.64","4.39","4.18","4.78","4.89","3.75","4.68","4.63","4.48","4.84","4.57","4.96","5.04","5.04","5.03","5.08","4.73","4.79","4.54","4.61","4.61","4.68","4.97","4.87","4.79","4.82","4.61","4.69"
"Frozen spinach, 300 grams 5","1.65","1.71","1.59","1.61","1.76","1.81","1.71","1.77","1.70","1.51","1.60","1.84","1.63","1.77","1.58","1.54","1.80","1.62","1.84","1.60","1.87","1.52","1.63","1.91","1.72","1.87","1.76","1.90","1.84","1.78","1.82","1.73","1.72","1.59","1.79","1.86","1.94","2.01","2.03","1.99","1.93","1.98","2.01","1.99","1.79","1.71","1.82","1.86","1.79","1.88","1.89","2.04","1.99","1.96","2.06","2.08","1.98","1.89","1.93","2.00","2.03","2.00","2.06","2.08","2.03","1.92","2.02","2.24","2.56","2.36","2.44","2.35","2.22","2.44","2.51","2.34","2.38","2.31","2.30","2.22","2.39","2.44","2.61","2.24","2.00","2.27","2.04","2.06","2.04","2.05","1.92","1.93","1.83","1.94"
"Frozen strawberries, 600 grams 4","4.00","4.99","4.34","5.01","4.20","4.80","4.16","4.82","4.27","4.43","4.44","4.16","4.42","3.84","3.93","4.35","4.18","4.19","3.99","4.08","4.27","4.40","4.85","3.90","4.34","4.24","4.40","4.10","4.60","4.41","3.96","3.98","4.39","4.10","4.48","3.85","4.36","4.31","4.54","4.74","4.71","4.67","4.28","4.18","4.27","4.27","4.47","4.16","4.32","4.33","4.53","4.54","4.55","4.33","4.49","4.51","4.51","4.50","4.85","4.96","4.76","4.90","4.82","4.76","4.96","4.87","5.18","5.29","5.22","4.54","4.75","4.29","5.41","5.47","5.20","5.27","5.00","4.61","5.07","5.20","4.65","4.84","4.71","4.54","5.16","4.81","4.64","4.98","5.35","5.19","4.79","4.84","5.09","4.85"
"White bread, 675 grams 5","2.78","2.84","2.73","2.72","2.73","2.72","2.83","2.77","2.80","2.85","2.72","2.80","2.70","2.69","2.74","2.64","2.75","2.72","2.79","2.67","2.69","2.83","2.78","2.66","2.81","2.81","2.75","2.55","2.75","2.79","2.79","2.86","2.91","2.91","2.73","2.94","2.97","2.99","3.00","3.01","3.06","2.99","3.00","2.94","2.86","2.86","2.84","2.95","2.74","2.83","2.86","2.86","2.92","2.61","2.79","2.82","2.86","2.87","2.97","3.17","3.08","3.12","3.16","3.33","3.39","3.37","3.54","3.56","3.65","3.58","3.64","3.70","3.61","3.66","3.62","3.63","3.80","3.78","3.78","3.66","3.80","3.75","3.50","3.68","3.72","3.79","3.69","3.57","3.75","3.72","3.74","3.66","3.47","3.62"
"Flatbread and pita, 500 grams  5","3.75","3.70","3.62","3.57","3.57","3.58","3.74","3.64","3.74","3.69","3.70","3.53","3.68","3.61","3.52","3.52","3.54","3.52","3.34","3.37","3.73","3.63","3.67","3.54","3.72","3.68","3.53","3.63","3.43","3.47","3.44","3.47","3.62","3.44","3.70","3.66","3.63","3.59","3.67","3.54","3.41","3.46","3.34","3.35","3.29","3.47","3.48","3.50","3.58","3.45","3.47","3.57","3.47","3.49","3.52","3.71","3.68","3.70","3.76","3.86","3.82","3.78","3.72","3.84","3.95","3.98","4.13","4.20","4.35","4.35","4.43","4.41","4.59","4.62","4.49","4.63","4.74","4.74","4.74","4.79","4.85","4.81","4.78","4.90","4.56","4.35","4.06","4.36","4.40","4.38","4.30","4.48","4.37","4.18"
"Crackers and crisp breads, 200 grams  4","2.17","2.44","2.59","2.38","2.38","2.32","2.31","2.29","2.39","2.34","2.16","2.03","2.27","2.46","2.34","2.37","2.30","2.36","2.53","2.45","2.58","2.56","2.39","2.22","2.83","2.61","2.44","2.53","2.87","2.62","2.65","2.54","2.63","2.54","2.57","2.22","2.47","2.63","2.50","2.53","2.59","2.56","2.47","2.53","2.56","2.68","2.61","2.38","2.66","2.58","2.59","2.71","2.63","2.53","2.59","2.64","2.58","2.49","2.56","2.66","2.81","2.71","2.91","2.69","2.93","2.87","3.02","3.09","3.15","2.96","3.13","2.97","3.18","3.15","3.23","3.14","3.11","3.14","3.18","3.33","3.32","3.00","3.16","2.96","2.89","3.07","3.14","3.00","2.61","3.39","2.71","2.95","3.10","3.36"
"Cookies and sweet biscuits, 300 grams  5","2.28","2.50","2.60","2.61","2.50","2.51","2.53","2.52","2.62","2.52","2.48","2.51","2.39","2.51","2.60","2.58","2.68","2.63","2.73","2.67","2.70","2.83","2.72","2.90","2.90","2.84","2.70","2.62","2.80","2.79","2.96","2.90","2.80","2.86","2.99","2.87","2.85","2.89","2.84","2.81","3.02","3.09","2.95","2.99","3.03","3.11","2.99","3.04","3.07","3.11","2.95","3.04","3.05","2.99","2.90","3.07","2.97","2.79","2.83","2.73","3.11","3.16","2.95","3.14","3.17","2.96","3.21","3.41","3.44","3.51","2.99","3.33","3.34","3.40","3.54","3.68","3.60","3.42","3.64","3.69","3.50","3.65","3.10","3.52","3.45","3.48","3.53","3.36","3.46","3.54","3.41","3.30","3.47","3.46"
"Dry or fresh pasta, 500 grams 5","2.08","2.17","2.29","2.33","2.06","2.19","2.21","2.21","2.43","2.18","2.36","2.40","2.18","2.22","2.47","2.09","2.50","2.18","2.01","2.26","2.25","2.38","2.28","2.63","2.27","2.41","2.23","2.40","2.57","2.46","2.48","2.29","2.21","2.56","2.63","2.51","2.41","2.40","2.48","2.74","2.84","2.93","2.50","2.44","2.56","2.37","2.61","2.66","2.48","2.73","2.81","2.53","2.80","2.50","2.54","2.31","2.96","2.72","2.89","3.04","2.90","3.09","3.50","3.12","3.39","3.39","3.52","3.36","3.81","3.82","3.24","3.94","3.63","3.89","4.07","4.11","3.82","3.72","3.72","4.12","3.71","4.04","3.71","3.95","3.54","3.16","3.07","3.24","3.51","3.32","3.60","3.39","3.02","3.48"
"Brown rice, 900 grams  5","4.62","4.58","4.63","4.79","4.78","4.95","4.88","4.89","4.92","4.62","4.74","4.74","4.52","4.77","4.93","4.77","4.87","4.84","4.97","4.90","4.75","4.77","4.71","4.52","4.74","4.67","4.69","4.71","4.82","4.46","4.84","4.74","4.64","4.86","5.08","5.15","5.31","5.33","5.42","5.29","5.64","5.60","5.45","5.23","5.14","5.53","5.26","5.63","5.19","5.47","5.56","5.17","5.12","5.31","5.41","5.28","5.11","5.05","5.45","5.25","5.20","5.32","5.38","5.28","5.24","5.55","5.78","5.91","6.01","5.95","5.95","5.76","5.58","6.20","6.39","6.21","6.48","6.28","6.42","6.53","6.48","6.32","6.34","6.16","6.01","6.13","6.19","5.84","6.31","6.27","6.14","6.16","6.22","6.15"
"White rice, 2 kilograms 5","8.39","8.59","8.71","8.99","8.79","9.19","8.79","9.20","9.04","8.89","9.11","9.23","8.70","9.12","9.07","8.93","9.12","8.89","9.37","9.33","9.16","9.12","8.97","8.77","9.14","9.02","8.88","8.94","9.07","8.72","9.12","8.99","8.76","9.17","9.30","9.84","9.68","9.56","9.61","9.81","10.13","10.36","10.31","9.81","9.81","10.03","9.77","10.13","9.92","10.04","9.93","9.66","9.81","9.99","10.31","9.92","9.47","9.91","10.19","10.14","10.32","10.89","10.60","10.58","10.33","10.69","11.04","10.81","11.39","11.36","11.61","11.09","10.77","11.42","11.35","11.48","10.96","11.02","11.29","11.04","11.10","10.91","10.83","10.71","10.82","10.41","10.66","10.61","8.50","7.57","8.91","10.61","10.18","10.83"
"Cereal, 400 grams 5","3.15","3.18","3.28","3.27","3.25","3.20","3.31","3.24","3.15","3.31","3.11","3.23","3.00","3.06","3.16","3.15","3.18","3.17","3.24","3.11","3.10","3.19","3.15","3.30","3.24","3.26","3.21","3.17","3.25","3.16","3.27","3.16","3.21","3.32","3.14","3.14","3.19","3.12","3.18","3.38","3.34","3.21","3.36","3.37","3.27","3.25","3.29","3.25","3.28","3.33","3.30","3.35","3.52","3.51","3.52","3.43","3.46","3.54","3.52","3.55","3.63","3.90","4.07","4.06","3.97","3.91","4.06","4.11","4.08","4.22","4.18","4.32","4.17","4.29","4.27","4.34","4.30","4.36","4.37","4.28","4.28","4.21","4.31","4.11","4.19","4.24","4.24","4.22","4.20","4.25","4.44","4.24","4.18","4.43"
"Wheat flour, 2.5 kilograms 5","5.20","4.88","4.86","4.83","4.88","5.00","5.13","4.82","4.86","4.80","4.84","4.82","4.87","4.77","4.83","4.66","5.14","5.11","4.97","5.08","5.22","4.97","4.74","4.68","4.52","4.78","5.00","4.78","5.06","5.00","4.97","4.93","4.87","5.00","4.78","4.71","4.87","4.65","4.80","4.65","5.80","5.84","5.38","5.25","5.05","4.97","4.82","4.86","4.72","4.89","4.90","4.95","5.12","5.01","5.05","5.03","4.90","4.97","4.89","5.03","5.10","5.24","5.59","5.72","5.58","5.43","5.67","5.78","5.92","5.87","5.65","5.94","6.11","5.90","6.22","5.72","5.97","5.82","6.21","6.06","6.10","5.92","5.66","5.89","6.05","5.12","4.32","5.64","5.86","5.98","5.84","5.52","5.78","4.47"
"White sugar, 2 kilograms 5","2.07","2.24","2.31","2.39","2.62","1.97","2.73","2.63","1.92","2.18","2.29","2.28","2.04","2.47","2.12","2.41","2.38","1.92","2.49","2.17","1.98","2.45","2.01","2.13","1.93","1.78","2.15","2.32","2.12","2.10","2.21","2.02","2.06","1.96","1.99","2.28","2.36","1.83","2.24","2.13","2.14","2.06","2.19","2.31","1.61","1.85","1.87","1.56","2.08","1.90","1.83","2.32","2.27","2.24","2.15","2.24","2.20","2.35","2.43","2.47","2.58","2.55","2.52","2.36","2.51","2.55","2.31","2.74","2.67","2.42","2.42","3.00","2.82","2.67","2.29","2.36","2.55","2.60","2.65","3.12","2.55","2.75","2.87","3.04","3.18","3.18","2.44","3.17","3.04","3.04","2.83","3.29","2.66","2.71"
"Apple juice, 2 litres 5","2.97","2.98","2.97","3.08","3.14","3.13","3.21","3.07","2.78","3.11","3.03","3.11","2.96","3.05","2.99","3.04","3.08","3.04","3.11","3.14","3.11","3.05","3.03","3.16","3.00","3.12","3.08","2.95","3.19","3.21","3.23","3.33","2.59","3.25","3.41","3.14","3.15","3.18","3.23","3.24","3.25","3.29","3.41","3.23","3.23","3.37","3.39","3.31","3.03","3.39","3.45","3.33","3.30","3.47","3.42","3.37","3.42","3.47","3.40","3.39","3.39","3.43","3.40","3.43","3.43","3.43","3.44","3.42","3.58","3.47","3.61","3.65","3.69","3.60","4.04","4.03","4.11","4.08","4.01","3.80","4.06","3.99","3.99","4.05","3.78","3.74","3.75","3.73","3.92","3.86","3.81","3.94","4.05","3.65"
"Orange juice, 2 litres 5","3.81","3.90","3.85","3.99","4.00","3.89","3.90","3.94","3.87","3.87","3.84","3.86","3.88","3.88","3.86","3.87","3.96","3.89","3.84","3.84","3.78","4.00","3.93","3.80","3.94","4.19","4.04","4.00","4.02","3.94","4.03","3.90","3.78","3.93","3.84","3.72","4.09","4.07","4.16","4.25","4.40","4.27","4.19","4.02","4.02","4.14","4.00","4.05","4.20","4.36","4.07","4.09","4.11","4.07","4.07","4.16","4.22","4.29","4.07","4.15","4.27","4.42","4.68","4.29","4.47","4.41","4.34","4.49","4.40","4.21","4.33","4.29","4.26","4.35","4.91","4.53","4.73","4.80","4.95","4.93","5.05","4.68","5.07","5.11","5.23","5.70","6.03","6.00","5.85","6.05","5.88","5.91","6.00","5.81"
"Roasted or ground coffee, 340 grams 5","5.90","6.04","5.45","5.79","5.82","6.16","5.49","6.49","5.77","6.19","6.30","6.42","6.43","6.23","6.66","6.41","5.87","6.35","6.59","6.21","6.56","6.29","6.31","6.17","6.44","5.91","5.71","6.46","6.10","6.28","6.43","6.55","6.21","6.23","6.01","6.20","6.10","6.13","6.33","5.97","6.24","5.79","6.46","6.48","6.63","6.04","6.36","6.31","6.29","6.54","5.98","6.44","6.41","6.45","6.62","6.44","6.72","6.09","6.53","6.63","6.91","7.14","6.92","6.94","7.19","7.26","7.49","7.55","7.67","6.91","7.11","7.03","7.46","7.64","7.36","7.38","7.68","7.74","8.00","7.80","7.78","7.63","7.62","7.76","6.88","7.26","7.01","6.62","7.43","7.49","7.83","7.99","7.82","7.41"
"Tea (20 bags) 4","3.69","3.75","3.59","3.73","3.56","3.59","3.55","3.60","3.63","3.57","3.62","3.65","3.68","3.62","3.52","3.65","3.70","3.74","3.84","3.80","3.67","3.61","3.40","3.48","3.56","3.32","3.29","3.43","3.62","3.57","3.75","3.47","3.47","3.25","3.56","3.59","3.60","3.34","3.68","3.67","3.76","3.68","3.80","4.11","3.64","3.85","3.43","3.79","3.57","3.80","3.85","3.68","3.67","3.91","3.97","3.81","3.93","4.00","3.82","3.95","3.97","3.98","4.08","4.15","3.96","4.19","4.42","4.34","4.52","4.62","4.34","4.46","4.47","4.52","4.48","4.56","4.61","4.57","4.86","4.88","4.72","4.88","4.73","4.82","4.81","4.76","4.73","4.66","4.86","5.02","5.20","4.84","4.56","4.58"
"Ketchup, 1 litre 5","3.25","3.30","3.22","3.30","3.22","3.21","3.07","3.16","3.22","3.22","3.36","3.39","3.31","3.60","3.33","3.46","3.50","3.45","3.46","3.54","3.51","3.42","3.62","3.48","3.57","3.60","3.26","3.24","3.27","3.32","3.31","3.20","3.33","3.29","3.19","3.20","3.53","3.43","3.27","3.59","3.24","3.28","3.42","3.43","3.52","3.29","3.45","3.42","3.67","3.66","3.44","3.57","3.27","3.35","3.39","3.43","3.40","3.95","3.92","4.12","4.09","4.09","4.25","4.14","4.46","4.31","4.19","4.36","4.29","4.31","4.16","4.41","4.44","4.61","4.89","4.73","4.61","4.88","4.27","4.85","4.75","4.99","5.06","4.42","5.00","4.93","4.99","4.74","4.84","4.45","4.89","5.17","5.05","5.18"
"Vegetable oil, 3 litres 5","6.34","7.18","7.03","7.13","7.12","6.82","6.85","7.11","7.11","7.13","7.19","7.21","7.00","7.17","6.55","6.72","6.72","6.82","7.02","7.25","7.41","7.11","7.17","7.18","7.21","7.61","6.91","7.43","7.04","7.30","6.93","7.30","6.84","7.30","7.03","7.29","6.76","7.41","7.79","7.64","7.36","7.18","7.02","7.22","7.48","6.51","6.94","7.40","6.74","7.39","7.27","7.52","8.16","7.73","7.49","8.50","10.50","10.05","10.63","12.27","11.55","12.32","11.59","12.32","12.18","12.34","13.76","14.58","13.42","13.38","14.24","15.13","13.72","13.60","14.38","13.67","13.73","14.19","13.21","13.59","13.18","13.77","12.92","13.26","12.57","13.10","12.82","12.23","11.39","8.87","10.98","12.14","11.37","10.03"
"Canola oil, 3 litres 5","8.40","10.55","10.98","10.94","10.74","10.53","10.58","10.60","10.18","10.47","10.12","10.71","9.81","9.96","10.42","10.17","10.46","10.67","10.26","10.18","10.33","9.95","9.69","10.25","9.17","9.75","9.77","9.54","9.76","9.95","10.06","10.06","10.16","10.19","10.44","9.75","9.21","9.49","10.06","9.63","9.25","9.33","9.39","9.81","10.15","9.31","9.74","9.15","9.75","9.47","9.10","9.18","10.38","10.36","10.46","11.21","12.13","11.96","13.03","12.80","14.05","13.99","14.53","15.16","16.20","16.44","16.30","15.40","16.30","16.78","17.53","17.26","15.96","17.48","17.49","17.04","17.67","17.93","16.54","15.49","15.83","17.11","16.08","15.88","14.38","14.43","13.80","14.42","13.57","9.09","11.44","13.41","11.30","11.29"
"Olive oil, 1 litre 5","10.01","9.21","7.08","10.05","9.23","9.68","9.87","10.10","8.25","9.70","7.77","7.54","9.44","8.20","9.22","9.86","8.54","9.16","10.31","10.01","8.20","8.77","9.35","6.97","8.58","8.67","8.44","9.10","8.18","9.34","8.70","9.22","7.27","7.63","8.47","8.32","7.38","8.09","8.17","8.78","8.00","8.97","8.28","7.70","7.87","7.82","7.30","7.47","7.71","7.25","7.14","8.05","8.36","8.46","8.67","8.90","8.22","8.28","9.35","9.37","9.20","9.37","9.63","9.49","10.25","9.57","9.81","10.42","9.31","8.24","9.93","10.83","10.11","9.64","11.43","12.52","12.84","12.87","11.90","14.72","13.19","14.92","15.26","15.07","14.36","15.74","15.79","16.78","16.69","17.62","17.16","16.96","16.27","17.94"
"Baby food, 128 millilitres 5","1.28","1.29","1.35","1.39","1.43","1.39","1.29","1.36","1.30","1.36","1.34","1.36","1.35","1.33","1.11","1.33","1.35","1.33","1.29","1.39","1.38","1.36","1.41","1.38","1.42","1.39","1.37","1.34","1.37","1.36","1.39","1.40","1.39","1.42","1.36","1.43","1.43","1.42","1.44","1.43","1.42","1.35","1.44","1.47","1.44","1.43","1.46","1.45","1.36","1.39","1.41","1.40","1.40","1.47","1.49","1.53","1.50","1.50","1.48","1.50","1.52","1.50","1.57","1.64","1.64","1.66","1.67","1.66","1.72","1.68","1.69","1.72","1.74","1.75","1.76","1.75","1.77","1.78","1.81","1.83","1.81","1.78","1.82","1.84","1.77","1.74","1.65","1.66","1.67","1.70","1.64","1.62","1.63","1.64"
"Infant formula, 900 grams  5","24.40","24.14","24.50","24.36","24.09","25.21","25.10","24.80","24.13","25.10","25.11","24.65","24.41","23.52","25.10","24.42","25.09","25.34","25.60","25.83","26.45","26.09","26.98","26.27","27.50","27.35","27.58","27.18","27.70","27.75","27.26","27.40","28.11","28.57","28.85","28.41","28.71","28.43","28.92","28.70","29.51","29.70","29.83","29.52","29.34","29.28","28.67","28.58","29.27","30.11","30.29","31.71","31.55","32.05","31.66","31.86","31.72","31.37","28.76","31.06","31.62","29.89","29.54","31.52","32.72","32.98","32.90","32.99","32.80","34.14","34.61","35.90","37.46","37.96","38.60","40.60","42.16","43.37","40.34","41.22","41.44","41.09","41.71","42.12","39.86","42.50","43.64","44.01","43.75","44.71","45.75","46.38","45.97","45.51"
"Peanut butter, 1 kilogram 5","3.50","4.45","3.92","3.82","4.06","3.51","4.11","4.07","4.10","4.39","4.60","4.89","3.79","4.79","4.78","4.51","4.38","4.75","4.42","4.65","4.40","4.31","4.44","4.55","4.70","4.56","4.82","5.14","4.89","5.32","5.08","4.91","4.33","4.57","4.52","4.47","4.81","4.68","4.60","4.97","4.73","4.58","4.86","4.58","4.36","4.53","4.48","4.90","4.47","5.15","5.07","4.94","4.73","4.49","4.69","4.55","5.11","5.24","4.97","4.73","4.88","5.19","5.24","5.34","5.36","5.55","5.28","5.62","5.41","5.49","5.48","5.70","5.48","5.78","6.38","6.39","6.18","6.64","6.28","6.30","6.32","6.16","6.38","6.38","5.85","5.92","5.89","5.90","6.29","6.20","6.19","6.11","6.18","6.38"
"Mayonnaise, 890 millilitres  5","3.93","4.07","4.03","4.01","3.82","3.74","4.00","3.88","4.15","3.84","4.14","4.14","4.07","4.25","3.97","4.18","3.88","3.86","4.04","4.29","4.41","4.23","4.27","3.90","4.43","4.39","3.78","4.10","4.09","4.15","4.23","4.08","4.48","4.23","4.01","3.90","4.46","4.17","3.94","4.59","3.98","4.04","4.22","4.40","4.54","4.24","4.34","4.36","4.53","4.64","4.30","4.54","4.23","4.38","4.53","4.55","4.81","5.41","5.37","5.35","5.31","5.31","5.66","5.66","5.84","5.55","6.10","6.40","6.33","6.23","5.67","5.96","6.01","6.51","6.73","6.37","6.30","6.61","6.70","6.47","6.40","6.52","6.46","6.54","6.33","6.33","6.39","6.09","6.52","6.41","6.28","6.42","6.50","6.68"
"Canned baked beans, 398 millilitres 5","1.27","1.31","1.23","1.23","1.25","1.28","1.32","1.21","1.25","1.27","1.35","1.25","1.25","1.32","1.19","1.33","1.31","1.26","1.28","1.20","1.24","1.28","1.23","1.32","1.28","1.36","1.42","1.23","1.38","1.31","1.27","1.42","1.42","1.33","1.19","1.32","1.33","1.41","1.39","1.68","1.52","1.43","1.46","1.32","1.51","1.45","1.44","1.58","1.48","1.53","1.30","1.42","1.47","1.46","1.32","1.34","1.53","1.63","1.67","1.68","1.72","1.73","1.55","1.71","1.74","1.72","1.76","1.50","1.88","1.88","1.85","1.78","1.88","2.03","1.80","2.08","1.59","1.76","1.93","2.08","2.04","2.30","1.67","1.64","1.80","1.64","2.04","1.92","2.00","2.00","1.70","2.05","2.12","2.02"
"Canned tomatoes, 796 millilitres 5","1.35","1.28","1.34","1.24","1.41","1.52","1.51","1.32","1.51","1.23","1.44","1.42","1.26","1.25","1.31","1.28","1.36","1.36","1.21","1.26","1.36","1.36","1.41","1.68","1.45","1.53","1.53","1.53","1.35","1.56","1.38","1.62","1.69","1.54","1.44","1.58","1.43","1.48","1.73","1.62","1.63","1.90","1.89","1.61","1.71","1.55","1.34","1.61","1.36","1.63","1.68","1.67","1.75","1.58","1.51","1.83","1.66","1.70","1.45","1.74","1.46","1.55","1.56","1.63","1.59","1.76","1.83","1.98","1.78","1.79","1.71","1.96","1.92","2.07","2.09","1.94","2.21","2.31","2.21","2.20","2.05","2.04","2.24","1.96","2.02","2.05","2.26","2.24","2.15","2.19","2.31","2.17","2.20","2.23"
"Canned soup, 284 millilitres 5","0.78","0.87","0.93","0.90","1.16","1.19","0.89","0.85","0.86","0.90","1.00","1.20","0.90","0.80","0.91","0.78","1.26","1.12","0.77","0.78","0.90","1.09","0.78","1.36","0.81","1.12","0.95","0.98","1.31","1.27","1.07","0.72","0.88","1.10","0.95","1.35","0.90","1.02","1.14","1.54","1.41","1.33","1.29","0.73","0.90","1.34","1.20","1.37","1.34","1.37","1.40","1.00","1.12","1.14","0.80","0.98","1.02","1.40","1.19","1.45","1.22","1.19","1.48","1.39","1.38","1.56","1.58","0.98","1.52","1.72","1.00","1.76","1.44","1.71","1.75","2.01","1.64","1.62","1.84","1.28","1.57","1.81","1.60","1.89","1.50","1.38","1.30","1.45","1.56","1.85","1.54","1.47","1.31","1.38"
"Canned beans and lentils, 540 millilitres 4","1.27","1.26","1.29","1.33","1.29","1.34","1.35","1.27","1.31","1.29","1.33","1.34","1.30","1.29","1.25","1.29","1.24","1.26","1.27","1.21","1.30","1.50","1.44","1.42","1.44","1.42","1.46","1.51","1.50","1.50","1.46","1.46","1.48","1.45","1.38","1.48","1.41","1.50","1.53","1.52","1.38","1.46","1.49","1.41","1.46","1.38","1.47","1.37","1.40","1.39","1.43","1.50","1.49","1.44","1.47","1.47","1.50","1.46","1.55","1.53","1.50","1.56","1.65","1.67","1.72","1.63","1.62","1.75","1.77","1.63","1.68","1.76","1.80","1.83","1.82","1.91","1.86","1.87","1.89","1.76","1.69","1.90","1.95","2.01","1.79","1.77","1.81","1.84","1.88","1.90","1.81","1.85","1.69","1.85"
"Canned corn, 341 millilitres 5","1.13","1.09","1.07","1.09","1.09","1.09","1.09","1.08","1.10","1.12","1.11","1.05","1.10","1.04","1.02","1.08","1.12","1.15","1.09","1.11","1.12","1.13","1.12","1.08","1.17","1.18","1.21","1.18","1.20","1.19","1.23","1.31","1.23","1.16","1.28","1.19","1.30","1.23","1.24","1.43","1.44","1.53","1.56","1.51","1.32","1.27","1.26","1.16","1.26","1.40","1.47","1.47","1.45","1.36","1.43","1.42","1.37","1.26","1.42","1.17","1.37","1.50","1.49","1.27","1.53","1.56","1.61","1.81","1.72","1.25","1.57","1.27","1.40","1.82","1.57","1.48","1.57","1.80","1.81","1.80","1.54","1.50","1.77","1.45","1.60","1.71","1.53","1.68","1.72","1.66","1.67","1.70","1.58","1.59"
"Canned peach, 398 millilitres 5","2.03","2.03","1.97","2.02","2.16","1.99","2.02","1.90","2.04","2.06","1.88","1.95","2.06","2.10","2.16","2.26","2.14","2.17","2.36","2.35","2.30","2.06","2.02","2.08","2.15","1.92","1.97","2.07","2.18","2.04","2.08","2.26","2.25","2.28","2.18","2.36","2.33","2.10","2.50","2.27","2.49","2.32","2.35","2.40","2.32","2.33","2.19","2.45","2.36","2.33","2.36","2.33","2.42","2.44","2.30","2.39","2.30","2.29","2.32","2.26","2.34","2.34","2.39","2.38","2.46","2.55","2.58","2.65","2.63","2.56","2.56","2.37","2.65","2.87","3.21","2.94","2.86","2.93","2.86","2.84","2.86","2.94","2.93","2.94","2.59","2.57","2.40","2.47","2.53","2.58","2.55","2.53","2.54","2.49"
"Canned pear, 398 millilitres 5","2.03","2.04","1.96","1.95","1.99","1.89","1.93","1.90","2.00","1.98","1.95","1.93","2.03","2.01","2.08","2.08","2.09","2.11","2.21","1.97","1.93","2.04","2.02","2.07","2.01","1.93","1.98","1.95","2.14","2.14","2.04","2.09","2.08","2.25","2.08","2.30","2.27","2.03","2.47","2.26","2.56","2.36","2.39","2.46","2.36","2.31","2.28","2.52","2.36","2.38","2.42","2.36","2.45","2.52","2.43","2.46","2.30","2.28","2.29","2.34","2.36","2.39","2.41","2.39","2.39","2.49","2.58","2.66","2.60","2.58","2.59","2.46","2.66","2.79","2.67","2.70","2.74","2.92","2.80","2.86","2.93","2.83","2.67","2.99","2.89","2.90","2.56","2.84","2.96","3.08","2.98","2.86","2.76","2.83"
"Dried lentils, 900 grams 5","3.15","3.34","3.24","3.35","3.60","3.42","3.55","3.37","3.55","3.47","3.58","3.40","3.50","3.40","3.41","3.46","3.53","3.45","3.37","3.31","3.24","3.07","3.18","3.17","3.13","3.20","3.26","3.19","3.24","3.25","3.00","3.15","3.20","3.21","3.11","3.23","3.30","3.25","3.33","3.44","3.17","3.25","3.21","3.06","3.19","3.13","3.23","3.44","3.22","3.19","3.27","3.34","3.34","3.33","3.33","3.37","3.36","3.33","3.39","3.26","3.37","3.36","3.37","3.44","3.45","3.53","3.63","3.58","3.70","3.61","3.65","3.79","3.82","3.81","3.80","3.81","3.81","3.84","3.80","3.75","3.75","4.13","4.28","4.32","4.34","4.35","4.41","4.41","4.18","4.26","4.18","4.27","4.38","3.93"
"Dry beans and legumes, 900 grams  5","3.46","3.57","3.58","3.61","3.80","3.84","3.73","3.67","3.70","3.67","3.76","3.64","3.71","3.71","3.75","3.79","3.77","3.67","3.49","3.52","3.49","3.34","3.51","3.51","3.36","3.42","3.47","3.53","3.45","3.52","3.17","3.39","3.47","3.39","3.55","3.47","3.60","3.54","3.55","3.68","3.40","3.40","3.29","3.08","3.33","3.32","3.50","3.60","3.37","3.33","3.45","3.44","3.43","3.39","3.42","3.42","3.47","3.24","3.45","3.29","3.50","3.59","3.58","3.59","3.53","3.60","3.66","3.58","3.57","3.37","3.54","3.80","3.77","3.82","3.80","3.72","3.64","3.65","3.60","3.57","3.60","3.79","3.97","3.96","3.77","3.63","3.64","3.56","3.54","3.51","3.45","3.48","3.52","3.82"
"Tofu, 350 grams  5","1.87","1.92","1.87","1.72","1.76","1.76","1.86","1.87","1.82","1.84","1.78","1.87","1.81","1.88","1.87","1.85","1.92","2.58","2.34","2.04","2.04","1.97","1.99","1.86","2.24","1.96","2.06","1.95","2.00","1.99","1.99","1.95","1.95","1.90","1.95","1.88","1.97","1.94","2.06","2.08","2.43","2.07","2.05","2.06","2.04","2.02","2.02","2.04","2.15","2.21","2.17","2.11","2.21","2.47","2.21","2.23","2.33","2.29","2.40","2.30","2.59","2.91","2.77","2.89","2.80","2.72","2.80","2.92","3.09","3.03","2.71","2.56","2.58","2.60","2.62","2.55","2.56","2.64","2.66","2.56","2.60","2.45","2.73","2.55","2.63","2.60","2.66","2.71","2.72","2.63","2.63","2.59","2.50","2.61"
"Hummus, 227 grams 5","3.62","3.60","3.48","3.49","3.55","3.47","3.47","3.54","3.57","3.49","3.24","3.48","3.31","3.51","3.48","3.21","3.54","3.47","3.57","3.34","3.36","3.28","3.44","3.33","3.22","3.45","3.54","3.32","3.18","3.47","3.40","3.52","3.55","3.49","3.27","3.24","3.41","3.40","3.50","3.30","3.10","3.37","3.45","3.35","3.38","3.27","3.32","3.40","3.40","3.46","3.45","3.39","3.44","3.37","3.42","3.44","3.41","3.37","3.40","3.44","3.38","3.33","3.37","3.52","3.60","3.60","3.73","3.85","3.86","3.79","3.73","3.71","3.69","3.91","3.95","3.98","3.89","3.92","3.94","4.02","3.99","3.96","3.93","3.91","3.85","3.86","3.90","3.92","3.91","4.14","4.04","4.03","3.96","3.83"
"Salsa, 418 millilitres 5","3.14","2.90","3.21","3.19","3.22","3.23","3.27","3.34","3.34","3.29","3.11","3.03","2.97","2.91","3.30","3.18","3.33","3.26","3.13","3.25","3.31","3.14","3.01","3.13","3.24","3.19","3.21","3.30","3.30","3.37","3.39","3.41","3.48","3.53","3.42","3.59","3.42","3.41","3.49","3.51","3.54","3.59","3.65","3.75","3.67","3.64","3.49","3.44","3.58","3.65","3.66","3.63","3.61","3.68","3.60","3.62","3.63","3.65","3.73","3.58","3.82","3.87","3.83","3.84","3.98","3.95","4.01","4.00","4.17","4.15","4.30","4.36","4.43","4.48","4.49","4.82","4.90","4.88","4.92","4.93","4.85","4.80","4.88","4.94","5.03","4.75","5.07","5.05","3.99","4.59","4.93","4.98","4.98","5.14"
"Pasta sauce, 650 millilitres 5","1.94","2.11","2.06","2.31","1.96","2.29","2.16","2.01","2.02","1.87","2.17","2.15","1.96","1.82","2.18","2.24","2.16","2.08","2.07","2.06","2.09","2.15","2.05","2.63","2.01","2.07","2.20","2.43","2.22","2.32","2.07","2.46","2.14","2.35","2.11","2.40","2.23","2.22","2.53","2.41","2.67","2.54","2.07","2.53","2.14","2.26","2.22","2.47","2.28","2.35","2.58","2.11","2.65","2.43","2.70","2.27","2.24","2.86","2.46","2.77","2.43","2.39","2.37","2.47","2.49","2.84","2.91","2.57","3.19","3.28","2.46","3.16","3.02","3.01","3.30","2.40","3.10","3.04","3.04","3.17","2.39","3.43","3.41","3.52","3.21","2.97","2.81","2.91","3.08","3.01","2.91","3.40","3.24","3.30"
"Salad dressing, 475 millilitres 5","2.58","2.66","2.54","2.71","2.39","2.47","2.41","2.40","2.48","2.59","2.55","2.69","2.72","2.59","2.54","2.50","2.31","2.35","2.46","2.51","2.45","2.62","2.66","2.43","2.89","2.81","2.63","2.72","2.57","2.50","2.41","2.59","2.56","2.53","2.54","2.50","2.70","2.71","2.67","2.74","2.51","2.89","2.85","2.78","2.84","2.73","2.97","2.78","2.76","2.79","2.81","2.99","2.71","2.94","3.32","3.27","3.27","3.14","3.25","3.60","3.33","3.49","3.56","3.71","3.52","3.45","3.65","3.39","3.65","3.40","3.42","3.30","3.58","3.79","3.86","3.68","3.71","3.34","3.59","3.70","3.69","3.77","3.58","3.65","3.75","3.72","3.81","3.70","3.69","3.55","3.71","3.69","3.70","3.66"
"Almonds, 200 grams 5","4.76","4.52","5.16","4.56","4.81","5.22","5.31","5.37","4.99","5.71","5.67","4.76","5.11","5.28","4.75","5.23","5.25","5.23","6.12","5.74","5.65","4.82","5.24","4.58","5.49","5.32","5.60","5.00","5.56","5.54","5.50","6.10","5.48","5.17","4.94","4.88","5.28","4.74","5.48","5.73","5.78","5.89","6.08","6.17","5.86","5.39","5.12","4.79","5.02","5.31","5.56","5.76","5.98","5.88","5.82","5.93","5.82","5.40","5.41","5.68","5.70","5.72","5.55","5.64","5.72","5.84","5.61","5.77","5.99","5.72","5.63","5.49","5.62","5.84","5.60","5.70","5.58","5.51","5.64","5.45","4.94","4.96","4.37","4.62","4.76","4.86","4.42","4.70","5.17","4.94","4.98","5.03","4.95","4.78"
"Peanuts, 450 grams 5","3.77","3.44","3.75","3.74","3.56","3.54","3.66","3.52","3.80","3.94","3.23","3.35","3.34","3.07","3.52","3.69","3.70","3.60","3.57","3.50","3.69","3.45","3.15","3.00","3.14","2.91","3.02","3.37","3.22","3.25","3.32","3.19","3.03","3.18","2.56","3.00","3.16","2.87","2.98","3.15","2.96","3.14","3.15","3.24","3.19","3.17","3.07","3.12","3.12","2.58","3.26","3.38","2.78","3.13","3.21","3.27","3.39","3.35","3.10","3.07","3.36","3.35","3.37","3.46","3.28","3.10","3.20","3.35","3.48","3.26","3.59","3.37","3.53","3.61","3.74","3.69","3.66","3.51","3.71","3.82","3.93","3.91","3.73","3.84","3.74","3.85","3.94","3.82","3.94","4.07","3.88","3.96","4.03","4.04"
"Sunflower seeds, 400 grams  5","4.30","4.39","4.10","4.17","4.12","4.31","4.31","4.25","4.64","4.82","4.79","4.70","4.61","4.49","4.52","4.35","4.38","4.37","4.28","4.30","4.30","4.51","4.62","4.58","4.56","4.65","4.66","4.69","4.45","4.52","4.61","4.50","4.52","4.58","4.66","4.62","4.49","4.64","4.61","4.65","4.78","4.79","4.68","4.49","4.73","4.66","4.73","4.61","4.54","4.57","4.44","4.43","4.51","4.42","4.52","4.46","4.22","4.12","4.32","4.39","4.37","4.69","4.65","4.69","4.57","4.63","4.74","4.82","4.82","4.86","4.75","4.94","4.74","5.02","5.36","5.26","5.07","4.72","5.16","5.20","4.80","5.04","5.34","5.32","4.89","4.81","5.02","4.93","4.90","5.04","5.16","5.04","5.17","5.01"
"Deodorant, 85 grams 5","4.85","4.69","4.85","5.14","4.95","4.84","4.86","4.78","4.50","4.97","4.77","4.78","4.92","4.90","4.80","5.09","5.24","5.00","4.99","4.82","4.86","5.06","4.83","5.06","5.14","5.04","5.01","5.34","5.15","5.01","5.14","5.15","4.98","4.94","5.00","4.85","5.37","5.08","5.24","5.37","5.15","5.24","5.35","5.29","5.24","5.33","5.16","5.42","5.37","5.32","5.50","5.70","5.56","5.61","5.89","6.00","5.98","6.22","6.13","6.11","6.19","5.92","6.20","6.33","6.53","6.59","6.73","6.85","6.75","6.83","6.60","6.63","7.23","6.77","6.93","7.65","7.62","7.49","7.38","7.55","7.47","7.25","7.39","7.41","7.53","7.29","7.12","7.17","7.57","7.89","7.72","7.84","7.64","7.65"
"Toothpaste, 100 millilitres 5","2.80","3.00","3.10","3.06","3.02","3.13","2.97","2.89","2.87","2.95","3.09","3.17","3.05","3.00","3.11","2.84","3.02","2.87","3.12","2.84","2.97","3.23","2.99","3.15","3.10","3.11","3.28","3.35","3.28","3.31","3.41","3.23","3.33","3.41","3.48","3.53","3.14","3.42","3.35","3.61","3.72","3.36","3.52","3.49","3.53","3.59","3.53","3.53","3.04","3.48","3.68","3.57","3.72","3.71","3.75","3.81","3.84","3.86","3.95","3.90","3.39","3.94","4.02","4.13","4.15","4.22","4.25","4.44","4.41","4.41","4.23","4.32","3.92","4.31","3.93","4.24","4.26","4.30","4.51","4.30","4.59","4.26","4.35","4.38","3.29","3.97","4.30","3.96","4.52","4.13","4.14","3.74","4.45","4.04"
"Shampoo, 400 millilitres 5","5.26","5.07","5.14","5.26","5.28","5.21","5.33","5.18","5.12","5.35","5.24","5.41","5.15","5.18","5.16","5.12","5.26","5.27","5.33","5.39","5.22","5.32","5.30","5.41","5.39","5.23","5.25","5.42","5.15","5.24","5.53","5.18","4.99","5.42","5.22","4.87","5.54","5.28","5.35","5.27","5.38","5.46","5.17","5.35","5.41","5.45","5.15","5.51","5.36","5.15","5.30","5.58","5.67","5.73","5.44","5.63","5.89","6.01","6.06","6.01","6.13","5.79","5.71","5.89","6.23","6.20","5.96","6.26","6.29","6.68","6.36","6.39","6.66","6.13","6.44","6.47","6.90","7.00","7.17","7.06","7.07","7.06","6.84","6.91","6.99","6.38","6.81","6.59","6.96","6.80","6.36","6.85","6.77","6.91"
"Laundry detergent, 4.43 litres 5","11.67","12.99","14.45","9.87","9.57","13.55","9.90","11.50","9.44","10.17","13.27","10.27","11.35","9.43","12.69","9.95","10.98","8.99","12.30","12.78","12.40","10.49","12.47","14.33","11.96","13.46","13.62","13.26","11.95","13.19","12.12","12.65","12.72","12.42","11.82","12.17","12.12","13.46","13.87","13.50","13.13","14.06","13.45","12.03","12.87","13.25","13.14","13.47","13.76","13.12","12.81","12.45","13.14","13.29","13.97","13.30","12.61","13.26","12.72","13.63","14.43","14.81","15.74","14.78","16.49","14.65","14.46","15.29","15.37","14.92","15.47","15.78","16.32","16.92","15.01","16.67","16.08","17.75","17.01","17.08","16.05","15.76","16.52","16.98","15.36","17.86","13.77","14.86","13.02","13.77","13.32","14.32","12.93","14.44"




Footnotes:
1,"Average price estimates for these products are derived using transaction data from Canadian grocery retailers. The composition of a given product category may change over time due to evolving consumer purchasing patterns and product availability. Therefore, users should exercise caution when comparing average prices over time as average prices may not be fully comparable from one month to another and should not be used as a representative measure of pure price change through time. Note: Data are subject to revision."
2,"For concepts and definitions, see the <a href="https://www150.statcan.gc.ca/n1/pub/62f0014m/62f0014m2022007-eng.htm" rel="external noopener noreferrer" target="_blank">Methodological Supplement for the Monthly Average Retail Prices Table (opens new window)</a> publication, available in the Prices Analytical Series (62F0014M). Additional information, including product details, can be obtained by contacting the <a href="mailto:statcan.cpddisseminationunit-dpcunitedediffusion.statcan@statcan.gc.ca">Consumer Prices Division</a>."
3,"With the release of data for the January 2024 reference month, this table has been updated to incorporate data from additional grocery retailers, increasing the sample of price data used in the calculation of monthly average prices. This enhancement expands the coverage and improves the quality of the data, while ensuring the representativeness of prices paid by Canadian consumers. Users should continue to exercise caution when comparing average prices over time and when interpreting the 1-month change for January 2024 and the 12-month change for the next 12 months. "
4,"Specific size - In most cases, a specific size or quantity can be easily identified as the measure of best fit for a particular product. For some products, a specific size or quantity is the most commonly purchased by a considerable amount (for example, 1 dozen eggs). Other products have multiple high-sale sizes over a large range (for example, milk). In this case we calculate separate average prices for each size (1 litre, 2 litres and 4 litres) in order to provide a fuller picture. Other products such as fresh produce and meats are often sold by weight, and provided as a price per kilogram. In these cases, one kilogram is applied as the specific size. These products are then standardized to ensure that the price per one kilogram is included in the average price calculation. The specific size alone provides sufficient coverage to produce a robust measure."
5,"Standardized size - For certain products which are available to consumers in a wide variety of package sizes, prices for products within a set range of package sizes are standardized before the average price calculation. For example, prices for blocks of cheese ranging in size from 400 grams to 800 grams are adjusted to represent a 500 grams block of cheese, and are presented as such in the average prices table."



"How to cite: Statistics Canada. Table 18-10-0245-01  Monthly average retail prices for selected products"
https://www150.statcan.gc.ca/t1/tbl1/en/tv.action?pid=1810024501